url,city,state,street-address,zipcode,sqft,price,price/sqft
/realestateandhomes-detail/304-Neponset-Ave-Apt-1_Boston_MA_02122_M43914-78258,Boston,MA,304 Neponset Ave Apt 1,2122,"1,273sqft","$639,000 ",$502 
/realestateandhomes-detail/776-Boylston-St-Unit-W11A_Boston_MA_02199_M32832-01235,Boston,MA,776 Boylston St Unit W11A,2199,"3,168sqft","$10,800,000 ","$3,409 "
/realestateandhomes-detail/828-830-E-5th-St-Unit-5_Boston_MA_02127_M93118-63479,Boston,MA,828-830 E 5th St Unit 5,2127,640sqft,"$499,000 ",$780 
/realestateandhomes-detail/1-Avery-St-Apt-10A_Boston_MA_02111_M39488-32081,Boston,MA,1 Avery St Apt 10A,2111,"1,382sqft","$1,200,000 ",$868 
/realestateandhomes-detail/1-Dalton-St-Unit-2805_Boston_MA_02115_M97920-83618,Boston,MA,1 Dalton St Unit 2805,2115,"2,182sqft","$6,200,000 ","$2,841 "
/realestateandhomes-detail/520-E-8th-St_Boston_MA_02127_M37304-92850,Boston,MA,520 E 8th St,2127,"1,070sqft","$949,000 ",$887 
/realestateandhomes-detail/36-Tennis-Rd_Boston_MA_02126_M42020-95798,Boston,MA,36 Tennis Rd,2126,"3,196sqft","$850,000 ",$266 
/realestateandhomes-detail/18-Armandine-St-Apt-1_Boston_MA_02124_M33107-31105,Boston,MA,18 Armandine St Apt 1,2124,993sqft,"$499,000 ",$503 
/realestateandhomes-detail/5R-Trenton-St-Unit-5_East-Boston_MA_02128_M93967-21201,Boston,MA,5R Trenton St Unit 5,2128,880sqft,"$574,900 ",$653 
/realestateandhomes-detail/35-Castleton-St_Boston_MA_02130_M34384-41584,Boston,MA,35 Castleton St Unit 35,2130,"1,982sqft","$1,100,000 ",$555 
/realestateandhomes-detail/791-E-3rd-St-2_Boston_MA_02127_M95572-36056,Boston,MA,791 E Third St Unit 2,2127,"2,531sqft","$2,250,000 ",$889 
/realestateandhomes-detail/78-Stratford-St_Boston_MA_02132_M39162-26307,Boston,MA,78 Stratford St,2132,"3,000sqft","$1,599,000 ",$533 
/realestateandhomes-detail/100-Shawmut-Ave-Unit-706_Boston_MA_02118_M94381-00807,Boston,MA,100 Shawmut Ave Unit 706,2118,"1,515sqft","$1,999,900 ","$1,320 "
/realestateandhomes-detail/23-Tileston-St_Boston_MA_02113_M38764-37653,Boston,MA,23 Tileston St,2113,"2,844sqft","$2,299,000 ",$808 
/realestateandhomes-detail/55-Paine-St_Boston_MA_02131_M35008-15326,Boston,MA,55 Paine St,2131,"1,216sqft","$599,000 ",$493 
/realestateandhomes-detail/5-Taylor-St_Boston_MA_02118_M44249-84103,Boston,MA,5 Taylor St,2118,"2,040sqft","$2,795,000 ","$1,370 "
/realestateandhomes-detail/4925-Washington-St-Apt-408_Boston_MA_02132_M34057-46054,Boston,MA,4925 Washington St Apt 408,2132,740sqft,"$299,000 ",$404 
/realestateandhomes-detail/100-Shawmut-Ave-Unit-1111_Boston_MA_02118_M99748-63678,Boston,MA,100 Shawmut Ave Unit 1111,2118,598sqft,"$814,900 ","$1,363 "
/realestateandhomes-detail/200-Everett-St-1_Boston_MA_02128_M31440-94564,Boston,MA,200 Everett St Unit 1,2128,"1,808sqft","$749,900 ",$415 
/realestateandhomes-detail/100-Shawmut-Ave-Unit-1101_Boston_MA_02118_M94347-39431,Boston,MA,100 Shawmut Ave Unit 1101,2118,817sqft,"$1,199,000 ","$1,468 "
/realestateandhomes-detail/141-Chelsea-St_East-Boston_MA_02128_M34442-49996,Boston,MA,141 Chelsea St,2128,"3,030sqft","$999,000 ",$330 
/realestateandhomes-detail/1789-Centre-St-Unit-402_Boston_MA_02132_M93816-78999,Boston,MA,1789 Centre St Unit 402,2132,"1,255sqft","$725,000 ",$578 
/realestateandhomes-detail/345-Beacon-St-7N8N_Boston_MA_02108_M96943-97609,Boston,MA,34.5 Beacon St Units 7N & 8N,2108,"5,366sqft","$15,400,000 ","$2,870 "
/realestateandhomes-detail/133-Seaport-Blvd-Unit-1908_Boston_MA_02210_M96149-87659,Boston,MA,133 Seaport Blvd Unit 1908,2210,"1,559sqft","$3,150,000 ","$2,021 "
/realestateandhomes-detail/841-843-Columbia-Rd_Boston_MA_02125_M90064-32278,Boston,MA,841-843 Columbia Rd,2125,"4,269sqft","$3,300,000 ",$773 
/realestateandhomes-detail/240-Devonshire-St-Unit-3707_Boston_MA_02110_M90893-86021,Boston,MA,240 Devonshire St Unit 3707,2110,882sqft,"$1,525,000 ","$1,729 "
/realestateandhomes-detail/46-Belgrade-Ave-5_Boston_MA_02131_M90360-29458,Boston,MA,46 Belgrade Ave Unit 5,2131,"1,342sqft","$1,000,000 ",$745 
/realestateandhomes-detail/46-Belgrade-Ave-2_Boston_MA_02131_M96233-32554,Boston,MA,46 Belgrade Ave Unit 2,2131,"1,176sqft","$845,000 ",$719 
/realestateandhomes-detail/32-Myrtle-St-Apt-4-1_Boston_MA_02114_M46861-17934,Boston,MA,32 Myrtle St Apt 4-1,2114,653sqft,"$739,000 ","$1,132 "
/realestateandhomes-detail/240-Devonshire-St-Unit-6008_Boston_MA_02110_M96599-86409,Boston,MA,240 Devonshire St Unit 6008,2110,"2,484sqft","$5,725,000 ","$2,305 "
/realestateandhomes-detail/25-Melrose-St_Boston_MA_02116_M36185-86373,Boston,MA,25 Melrose St,2116,"2,500sqft","$2,400,000 ",$960 
/realestateandhomes-detail/172-Beacon-St-5_Boston_MA_02116_M46675-96760,Boston,MA,172 Beacon St Unit 5,2116,"3,240sqft","$4,875,000 ","$1,505 "
/realestateandhomes-detail/346-354-Congress-St-Unit-309_Boston_MA_02210_M93049-37459,Boston,MA,346-354 Congress St Unit 309,2210,"1,027sqft","$1,129,000 ","$1,099 "
/realestateandhomes-detail/39-Higgins-St_Boston_MA_02134_M91311-87275,Boston,MA,39 Higgins St,2134,"1,960sqft","$699,900 ",$357 
/realestateandhomes-detail/4-Clement-Ave_Boston_MA_02132_M47543-00088,Boston,MA,4 Clement Ave,2132,"1,680sqft","$849,900 ",$506 
/realestateandhomes-detail/38-Appleton-St-1_Boston_MA_02116_M35657-04777,Boston,MA,38 Appleton St Unit 1,2116,446sqft,"$599,000 ","$1,343 "
/realestateandhomes-detail/69-Church-St-1_Boston_MA_02116_M95403-48891,Boston,MA,69 Church St Unit 1,2116,961sqft,"$1,350,000 ","$1,405 "
/realestateandhomes-detail/85-E-India-Row-Apt-9G_Boston_MA_02110_M33303-67202,Boston,MA,85 E India Row Apt 9G,2110,"1,212sqft","$1,199,995 ",$990 
/realestateandhomes-detail/42-Rutland-Sq-Apt-3_Boston_MA_02118_M37553-32539,Boston,MA,42 Rutland Sq Apt 3,2118,"1,481sqft","$2,000,000 ","$1,350 "
/realestateandhomes-detail/49-49B-Charles-St_Boston_MA_02114_M95844-88290,Boston,MA,49-49B Charles St,2114,"3,200sqft","$3,199,999 ","$1,000 "
/realestateandhomes-detail/151-Tremont-St-Apt-8F_Boston_MA_02111_M43372-22809,Boston,MA,151 Tremont St Apt 8F,2111,"1,050sqft","$1,350,000 ","$1,286 "
/realestateandhomes-detail/1-Nassau-St-Unit-2204_Boston_MA_02111_M39138-57031,Boston,MA,1 Nassau St Unit 2204,2111,"1,749sqft","$1,649,000 ",$943 
/realestateandhomes-detail/110-Sudbury-St-Unit-4205_Boston_MA_02114_M98941-72955,Boston,MA,110 Sudbury St Unit 4205,2114,"1,848sqft","$3,750,000 ","$2,029 "
/realestateandhomes-detail/340-W-2nd-St-Apt-28_Boston_MA_02127_M97135-32968,Boston,MA,340 W 2nd St Apt 28,2127,"1,670sqft","$1,525,000 ",$913 
/realestateandhomes-detail/15-17-Cushman-Rd_Boston_MA_02135_M90951-85264,Boston,MA,15-17 Cushman Rd,2135,"2,600sqft","$989,000 ",$380 
/realestateandhomes-detail/110-Sudbury-St-Unit-3904_Boston_MA_02114_M93655-72247,Boston,MA,110 Sudbury St Unit 3904,2114,"2,275sqft","$4,575,000 ","$2,011 "
/realestateandhomes-detail/110-Sudbury-St-Unit-3702_Boston_MA_02114_M98368-10038,Boston,MA,110 Sudbury St Unit 3702,2114,"2,315sqft","$5,150,000 ","$2,225 "
/realestateandhomes-detail/110-Sudbury-St-Unit-3801_Boston_MA_02114_M93362-68323,Boston,MA,110 Sudbury St Unit 3801,2114,"2,766sqft","$5,700,000 ","$2,061 "
/realestateandhomes-detail/150-Seaport-Blvd-7B_Boston_MA_02210_M93653-74467,Boston,MA,150 Seaport Blvd Unit 7B,2210,"1,494sqft","$3,375,000 ","$2,259 "
/realestateandhomes-detail/317-Summit-Ave-Apt-4_Boston_MA_02135_M38104-76232,Boston,MA,317 Summit Ave Apt 4,2135,666sqft,"$450,000 ",$676 
/realestateandhomes-detail/190-W-7th-St-Apt-2_Boston_MA_02127_M36647-85473,Boston,MA,190 W 7th St Apt 2,2127,664sqft,"$529,900 ",$798 
/realestateandhomes-detail/10-Alaric-Ter_Boston_MA_02132_M98540-17610,Boston,MA,10 Alaric Ter,2132,"3,170sqft","$1,599,000 ",$504 
/realestateandhomes-detail/13-Bowdoin-St-1AB_Boston_MA_02114_M95865-13284,Boston,MA,13 Bowdoin St Unit 1A /B,2114,944sqft,"$1,199,000 ","$1,270 "
/realestateandhomes-detail/10-Humes-Rd_Boston_MA_02122_M37763-93822,Boston,MA,10 Humes Rd,2122,"1,602sqft","$689,000 ",$430 
/realestateandhomes-detail/567-Columbus-Ave-2_Boston_MA_02118_M36754-72575,Boston,MA,567 Columbus Ave Unit 2,2118,"1,015sqft","$1,085,000 ","$1,069 "
/realestateandhomes-detail/187-Florence-St-Apt-1L_Boston_MA_02131_M35898-04990,Boston,MA,187 Florence St Apt 1L,2131,805sqft,"$389,000 ",$483 
/realestateandhomes-detail/163-W-7th-St-1_South-Boston_MA_02127_M35221-03624,Boston,MA,163 W 7th St Unit 1,2127,"1,133sqft","$725,000 ",$640 
/realestateandhomes-detail/124-Pembroke-St-1_Boston_MA_02118_M46140-08151,Boston,MA,124 Pembroke St Unit 1,2118,"1,844sqft","$1,795,000 ",$973 
/realestateandhomes-detail/591-E-5th-St_Boston_MA_02127_M43428-58189,Boston,MA,591 E 5th St,2127,"2,070sqft","$1,275,000 ",$616 
/realestateandhomes-detail/14-Eldora-St_Boston_MA_02120_M35883-15055,Boston,MA,14 Eldora St,2120,"1,518sqft","$1,050,000 ",$692 
/realestateandhomes-detail/9-Woodman-St-2_Boston_MA_02130_M30924-30457,Boston,MA,9 Woodman St Unit 2,2130,870sqft,"$579,000 ",$666 
/realestateandhomes-detail/611-E-7th-St_Boston_MA_02127_M46805-99426,Boston,MA,611 E 7th St,2127,"2,192sqft","$1,950,000 ",$890 
/realestateandhomes-detail/40-Charles-St_Boston_MA_02114_M99466-90608,Boston,MA,40 Charles St,2114,"4,293sqft","$4,299,000 ","$1,001 "
/realestateandhomes-detail/607-E-7th-St_South-Boston_MA_02127_M40473-65159,Boston,MA,607 E 7th St,2127,"3,074sqft","$2,350,000 ",$764 
/realestateandhomes-detail/437-D-St-Apt-6B_Boston_MA_02210_M42758-91291,Boston,MA,437 D St Apt 6B,2210,"1,497sqft","$1,349,000 ",$901 
/realestateandhomes-detail/1-Dalton-St-Unit-5102_Boston_MA_02115_M99413-37853,Boston,MA,1 Dalton St Unit 5102,2115,"2,945sqft","$9,890,000 ","$3,358 "
/realestateandhomes-detail/One-Nevins-Hill-Way-Unit-507_Boston_MA_02135_M93743-70763,Boston,MA,One Nevins Hill Way Unit 507,2135,854sqft,"$825,000 ",$966 
/realestateandhomes-detail/30-Boynton-St-1_Boston_MA_02130_M47466-57420,Boston,MA,30 Boynton St Unit 1,2130,868sqft,"$569,000 ",$656 
/realestateandhomes-detail/69-Lubec-St-202_Boston_MA_02128_M90776-06321,Boston,MA,69 Lubec St Unit 202,2128,"1,048sqft","$725,000 ",$692 
/realestateandhomes-detail/169-Beacon-St-4B_Boston_MA_02116_M41360-65103,Boston,MA,169 Beacon St Unit B4,2116,552sqft,"$650,000 ","$1,178 "
/realestateandhomes-detail/70-Leo-M-Birmingham-Pkwy-Apt-209_Boston_MA_02135_M94651-80581,Boston,MA,70 Leo M Birmingham Pkwy Apt 209,2135,724sqft,"$725,000 ","$1,001 "
/realestateandhomes-detail/139-Crawford-St_Boston_MA_02121_M36365-75154,Boston,MA,139 Crawford St,2121,"5,451sqft","$2,195,000 ",$403 
/realestateandhomes-detail/151-Tremont-St-LL229_Boston_MA_02111_M33366-67681,Boston,MA,151 Tremont St Unit LL229,2111,"9,999sqft","$73,000 ",$7 
/realestateandhomes-detail/244-Neponset-Ave_Boston_MA_02122_M47415-63359,Boston,MA,244 Neponset Ave,2122,"2,586sqft","$799,000 ",$309 
/realestateandhomes-detail/78-82-Carolina-Ave_Boston_MA_M40272-85817,Boston,MA,78 Carolina Ave,2130,"3,444sqft","$1,499,000 ",$435 
/realestateandhomes-detail/44-Waldemar-Ave_Boston_MA_02128_M35412-15979,Boston,MA,44 Waldemar Ave,2128,"1,590sqft","$739,974 ",$465 
/realestateandhomes-detail/One-Nevins-Hill-Way-Unit-702_Boston_MA_02135_M96437-06294,Boston,MA,One Nevins Hill Way Unit 702,2135,"1,294sqft","$1,500,000 ","$1,159 "
/realestateandhomes-detail/190-190R-Paris-St_Boston_MA_02128_M93814-49744,Boston,MA,190-190R Paris St,2128,"2,100sqft","$1,199,000 ",$571 
/realestateandhomes-detail/747-E-Broadway_Boston_MA_02127_M44141-10672,Boston,MA,747 E Broadway,2127,"2,358sqft","$1,499,900 ",$636 
/realestateandhomes-detail/99-Anderer-Ln-Apt-1_Boston_MA_02132_M42777-80481,Boston,MA,99 Anderer Ln Apt 1,2132,"1,540sqft","$650,000 ",$422 
/realestateandhomes-detail/240-Devonshire-St-Unit-4712_Boston_MA_02110_M90772-11606,Boston,MA,240 Devonshire St Unit 4712,2110,"1,844sqft","$3,500,000 ","$1,898 "
/realestateandhomes-detail/81-Homes-Ave-Apt-2_Boston_MA_02122_M91693-65316,Boston,MA,81 Homes Ave Apt 2,2122,"1,014sqft","$599,000 ",$591 
/realestateandhomes-detail/69-Lubec-St-301_Boston_MA_02128_M94334-94439,Boston,MA,69 Lubec St Unit 301,2128,"1,135sqft","$832,000 ",$733 
/realestateandhomes-detail/39-A-St-Unit-7_Boston_MA_02127_M98968-68719,Boston,MA,39 A St Unit 7,2127,"1,015sqft","$1,014,000 ",$999 
/realestateandhomes-detail/607-611-E-Seventh-St_Boston_MA_02127_M93037-81819,Boston,MA,607-611 E Seventh St,2127,"5,266sqft","$4,300,000 ",$817 
/realestateandhomes-detail/49-51-Commonwealth-Ave-Unit-B_Boston_MA_02116_M91252-25737,Boston,MA,49-51 Commonwealth Ave Unit B,2116,"4,250sqft","$12,900,000 ","$3,035 "
/realestateandhomes-detail/24-Union-Ave-1_Boston_MA_02130_M97688-20188,Boston,MA,24 Union Ave Unit 1,2130,"2,241sqft","$1,595,000 ",$712 
/realestateandhomes-detail/41-Park-St_Boston_MA_02132_M32201-16874,Boston,MA,41 Park St,2132,"3,436sqft","$999,000 ",$291 
/realestateandhomes-detail/45-Coffey-St-Unit-1_Boston_MA_02122_M38155-25841,Boston,MA,45 Coffey St Unit 1,2122,"2,047sqft","$849,000 ",$415 
/realestateandhomes-detail/535-Newbury-St_Boston_MA_02215_M41472-41034,Boston,MA,535 Newbury St,2215,"4,594sqft","$4,975,000 ","$1,083 "
/realestateandhomes-detail/22-Upton-St-Apt-1_Boston_MA_02118_M49888-08886,Boston,MA,22 Upton St Apt 1,2118,"1,800sqft","$2,299,000 ","$1,277 "
/realestateandhomes-detail/21-Father-Francis-Gilday-St-Apt-114_Boston_MA_02118_M47173-99804,Boston,MA,21 Father Francis Gilday St Apt 114,2118,"1,263sqft","$1,175,000 ",$930 
/realestateandhomes-detail/1721-Centre-St-Apt-204_Boston_MA_02132_M97672-64787,Boston,MA,1721 Centre St Apt 204,2132,"1,170sqft","$679,900 ",$581 
/realestateandhomes-detail/478-Beacon-St-Apt-4_Boston_MA_02115_M34064-32372,Boston,MA,478 Beacon St Apt 4,2115,658sqft,"$749,000 ","$1,138 "
/realestateandhomes-detail/221-Columbus-Ave-Apt-502_Boston_MA_02116_M91564-12207,Boston,MA,221 Columbus Ave Apt 502,2116,"1,694sqft","$1,599,000 ",$944 
/realestateandhomes-detail/1543-1545-River-St-Unit-1_Boston_MA_02136_M38224-67334,Boston,MA,1543-1545 River St Unit 1,2136,"1,320sqft","$439,900 ",$333 
/realestateandhomes-detail/10-Linwood-St_Boston_MA_02119_M34253-85449,Boston,MA,10 Linwood St,2119,"4,708sqft","$2,800,000 ",$595 
/realestateandhomes-detail/18-Bartlett-St-2_Boston_MA_02129_M35493-84221,Boston,MA,18 Bartlett St Unit 2,2129,930sqft,"$775,000 ",$833 
/realestateandhomes-detail/37-Spring-Park-Ave_Boston_MA_02130_M37075-45404,Boston,MA,37 Spring Park Ave Unit 37,2130,"2,054sqft","$1,190,000 ",$579 
/realestateandhomes-detail/2160-Century-Park-E-Apt-1702_Los-Angeles_CA_90067_M26885-40801,Los-Angeles,CA,2160 Century Park E Apt 1702,90067,"1,070sqft","$1,049,000 ",$980 
/realestateandhomes-detail/214-W-113th-St_Los-Angeles_CA_90061_M26157-09851,Los-Angeles,CA,214 W 113th St,90061,"1,002sqft","$535,000 ",$534 
/realestateandhomes-detail/3412-E-3rd-St_Los-Angeles_CA_90063_M16824-58242,Los-Angeles,CA,3412 E 3rd St,90063,"3,024sqft","$1,300,000 ",$430 
/realestateandhomes-detail/1925-S-Rimpau-Blvd_Los-Angeles_CA_90016_M15041-57766,Los-Angeles,CA,1925 S Rimpau Blvd,90016,"2,200sqft","$1,699,900 ",$773 
/realestateandhomes-detail/10615-Esther-Ave_Los-Angeles_CA_90064_M23611-33604,Los-Angeles,CA,10615 Esther Ave,90064,"2,877sqft","$3,195,000 ","$1,111 "
/realestateandhomes-detail/2512-S-Centinela-Ave_Los-Angeles_CA_90064_M23990-33067,Los-Angeles,CA,2512 S Centinela Ave,90064,"2,209sqft","$2,950,000 ","$1,335 "
/realestateandhomes-detail/2620-W-17th-St_Los-Angeles_CA_90019_M17723-60754,Los-Angeles,CA,2620 W 17th St,90019,"7,650sqft","$3,300,000 ",$431 
/realestateandhomes-detail/1420-S-Bundy-Dr-Apt-104_Los-Angeles_CA_90025_M24843-07844,Los-Angeles,CA,1420 S Bundy Dr Apt 104,90025,"1,790sqft","$1,150,000 ",$642 
/realestateandhomes-detail/517-W-107th-St_Los-Angeles_CA_90044_M23649-84591,Los-Angeles,CA,517 W 107th St,90044,982sqft,"$549,900 ",$560 
/realestateandhomes-detail/5601-W-Olympic-Blvd-Unit-303_Los-Angeles_CA_90036_M24412-90168,Los-Angeles,CA,5601 W Olympic Blvd Unit 303,90036,"1,140sqft","$899,999 ",$789 
/realestateandhomes-detail/10966-Rochester-Ave-Apt-6D_Los-Angeles_CA_90024_M23345-51614,Los-Angeles,CA,10966 Rochester Ave Apt 6D,90024,979sqft,"$535,000 ",$546 
/realestateandhomes-detail/2615-Marathon-St_Los-Angeles_CA_90026_M97698-56501,Los-Angeles,CA,2615 Marathon St,90026,"2,383sqft","$2,049,000 ",$860 
/realestateandhomes-detail/10102-Empyrean-Way-Apt-103_Los-Angeles_CA_90067_M26613-73929,Los-Angeles,CA,10102 Empyrean Way Apt 103,90067,"2,732sqft","$2,995,000 ","$1,096 "
/realestateandhomes-detail/1524-S-Wooster-St_Los-Angeles_CA_90035_M16940-52322,Los-Angeles,CA,1524 S Wooster St,90035,"6,376sqft","$2,100,000 ",$329 
/realestateandhomes-detail/2366-Lyric-Ave_Los-Angeles_CA_90027_M26753-92221,Los-Angeles,CA,2366 Lyric Ave,90027,"2,363sqft","$1,545,000 ",$654 
/realestateandhomes-detail/2057-N-Catalina-St_Los-Angeles_CA_90027_M14657-16983,Los-Angeles,CA,2057 N Catalina St,90027,"2,644sqft","$2,898,888 ","$1,096 "
/realestateandhomes-detail/259-N-Burlington-Ave_Los-Angeles_CA_90026_M19438-92647,Los-Angeles,CA,259 N Burlington Ave,90026,"4,316sqft","$2,995,000 ",$694 
/realestateandhomes-detail/4816-Glacier-Dr_Los-Angeles_CA_90041_M15587-81414,Los-Angeles,CA,4816 Glacier Dr,90041,"1,104sqft","$925,000 ",$838 
/realestateandhomes-detail/939-S-Broadway-Apt-308_Los-Angeles_CA_90015_M95518-69363,Los-Angeles,CA,939 S Broadway Apt 308,90015,940sqft,"$649,000 ",$690 
/realestateandhomes-detail/1145-Roberto-Ln_Los-Angeles_CA_90077_M19202-54759,Los-Angeles,CA,1145 Roberto Ln,90077,"2,468sqft","$2,999,888 ","$1,216 "
/realestateandhomes-detail/4321-Prospect-Ave_Los-Angeles_CA_90027_M15417-02240,Los-Angeles,CA,4321 Prospect Ave,90027,"3,619sqft","$2,690,000 ",$743 
/realestateandhomes-detail/458-N-Alta-Vista-Blvd_Los-Angeles_CA_90036_M22771-19722,Los-Angeles,CA,458 N Alta Vista Blvd,90036,"2,480sqft","$1,799,000 ",$725 
/realestateandhomes-detail/2020-Alta-St_Los-Angeles_CA_90031_M15072-02201,Los-Angeles,CA,2020 Alta St,90031,"1,436sqft","$899,000 ",$626 
/realestateandhomes-detail/3350-James-M-Wood-Blvd-Apt-7_Los-Angeles_CA_90006_M21745-89862,Los-Angeles,CA,3350 James M Wood Blvd Apt 7,90006,"2,000sqft","$1,195,000 ",$598 
/realestateandhomes-detail/2718-7th-Ave_Los-Angeles_CA_90018_M11980-55314,Los-Angeles,CA,2718 7th Ave,90018,658sqft,"$675,000 ","$1,026 "
/realestateandhomes-detail/5134-W-20th-St_Los-Angeles_CA_90016_M15090-39604,Los-Angeles,CA,5134 W 20th St,90016,"1,055sqft","$1,185,000 ","$1,123 "
/realestateandhomes-detail/1212-S-Victoria-Ave_Los-Angeles_CA_90019_M28761-33032,Los-Angeles,CA,1212 S Victoria Ave,90019,"2,491sqft","$2,199,000 ",$883 
/realestateandhomes-detail/160-N-Poinsettia-Pl_Los-Angeles_CA_90036_M19624-83369,Los-Angeles,CA,160 N Poinsettia Pl,90036,"2,060sqft","$2,595,000 ","$1,260 "
/realestateandhomes-detail/1568-Blue-Jay-Way_Los-Angeles_CA_90069_M10134-94771,Los-Angeles,CA,1568 Blue Jay Way,90069,"7,700sqft","$17,495,000 ","$2,272 "
/realestateandhomes-detail/4211-Glenwood-Ave_Los-Angeles_CA_90065_M12335-61534,Los-Angeles,CA,4211 Glenwood Ave,90065,"1,068sqft","$1,350,000 ","$1,264 "
/realestateandhomes-detail/901-S-Gramercy-Dr-Unit-202_Los-Angeles_CA_90019_M95817-62916,Los-Angeles,CA,901 S Gramercy Dr Unit 202,90019,"1,617sqft","$949,900 ",$587 
/realestateandhomes-detail/4501-Maplewood-Ave_Los-Angeles_CA_90004_M28087-76721,Los-Angeles,CA,4501 Maplewood Ave,90004,"3,192sqft","$1,595,000 ",$500 
/realestateandhomes-detail/4300-Don-Arellanes-Dr_Los-Angeles_CA_90008_M26467-42935,Los-Angeles,CA,4300 Don Arellanes Dr,90008,"2,289sqft","$1,995,000 ",$872 
/realestateandhomes-detail/3941-Buckingham-Rd_Los-Angeles_CA_90008_M29654-04009,Los-Angeles,CA,3941 Buckingham Rd,90008,"2,100sqft","$1,399,000 ",$666 
/realestateandhomes-detail/5040-Williams-Pl_Los-Angeles_CA_90032_M17373-19396,Los-Angeles,CA,5040 Williams Pl,90032,601sqft,"$565,000 ",$940 
/realestateandhomes-detail/2054-N-Las-Palmas-Ave_Los-Angeles_CA_90068_M12648-74617,Los-Angeles,CA,2054 N Las Palmas Ave,90068,"2,603sqft","$2,197,000 ",$844 
/realestateandhomes-detail/2423-Ridgeview-Ave_Los-Angeles_CA_90041_M12817-23653,Los-Angeles,CA,2423 Ridgeview Ave,90041,"1,736sqft","$1,648,000 ",$949 
/realestateandhomes-detail/2848-Hillcrest-Dr_Los-Angeles_CA_90016_M11229-27174,Los-Angeles,CA,2848 Hillcrest Dr,90016,"1,389sqft","$1,095,000 ",$788 
/realestateandhomes-detail/10546-Tennessee-Ave_Los-Angeles_CA_90064_M20321-38491,Los-Angeles,CA,10546 Tennessee Ave,90064,"1,645sqft","$2,198,000 ","$1,336 "
/realestateandhomes-detail/3903-W-59th-Pl_Los-Angeles_CA_90043_M19312-04648,Los-Angeles,CA,3903 W 59th Pl,90043,"1,748sqft","$1,049,900 ",$601 
/realestateandhomes-detail/159-W-94th-St_Los-Angeles_CA_90003_M20954-77295,Los-Angeles,CA,159 W 94th St,90003,"2,216sqft","$615,000 ",$278 
/realestateandhomes-detail/750-N-Alfred-St-Apt-3_Los-Angeles_CA_90069_M23933-89463,Los-Angeles,CA,750 N Alfred St Apt 3,90069,"1,641sqft","$1,500,000 ",$914 
/realestateandhomes-detail/2826-Macon-St_Los-Angeles_CA_90065_M10705-97567,Los-Angeles,CA,2826 Macon St,90065,"1,256sqft","$949,000 ",$756 
/realestateandhomes-detail/4295-Via-Arbolada-Unit-311_Los-Angeles_CA_90042_M18387-08653,Los-Angeles,CA,4295 Via Arbolada Unit 311,90042,"1,044sqft","$699,000 ",$670 
/realestateandhomes-detail/11208-Mona-Blvd_Los-Angeles_CA_90059_M24601-24541,Los-Angeles,CA,11208 Mona Blvd,90059,905sqft,"$220,000 ",$243 
/realestateandhomes-detail/1322-W-71st-St_Los-Angeles_CA_90044_M29599-46735,Los-Angeles,CA,1322 W 71st St,90044,"1,066sqft","$640,000 ",$600 
/realestateandhomes-detail/8693-Franklin-Ave_Los-Angeles_CA_90069_M93752-08116,Los-Angeles,CA,8693 Franklin Ave,90069,"3,200sqft","$5,495,000 ","$1,717 "
/realestateandhomes-detail/313-N-Union-Ave_Los-Angeles_CA_90026_M19142-66222,Los-Angeles,CA,313 N Union Ave,90026,"4,026sqft","$1,495,000 ",$371 
/realestateandhomes-detail/207-E-94th-St_Los-Angeles_CA_90003_M20358-89053,Los-Angeles,CA,207 E 94th St,90003,"1,016sqft","$509,900 ",$502 
/realestateandhomes-detail/707-N-Avenue-54_Los-Angeles_CA_90042_M13157-70203,Los-Angeles,CA,707 N Avenue 54,90042,"1,388sqft","$1,312,000 ",$945 
/realestateandhomes-detail/8419-Truxton-Ave_Los-Angeles_CA_90045_M13928-75364,Los-Angeles,CA,8419 Truxton Ave,90045,"1,681sqft","$1,688,888 ","$1,005 "
/realestateandhomes-detail/8212-Winsford-Ave_Los-Angeles_CA_90045_M12148-93223,Los-Angeles,CA,8212 Winsford Ave,90045,"1,962sqft","$1,595,000 ",$813 
/realestateandhomes-detail/901-S-Flower-St-Unit-307_Los-Angeles_CA_90015_M11377-75037,Los-Angeles,CA,901 S Flower St Unit 307,90015,"1,689sqft","$1,050,000 ",$622 
/realestateandhomes-detail/2339-Silver-Ridge-Ave_Los-Angeles_CA_90039_M28573-99084,Los-Angeles,CA,2339 Silver Ridge Ave,90039,"2,780sqft","$3,499,000 ","$1,259 "
/realestateandhomes-detail/312-W-5th-St-Apt-907_Los-Angeles_CA_90013_M27321-85059,Los-Angeles,CA,312 W 5th St Apt 907,90013,860sqft,"$439,999 ",$512 
/realestateandhomes-detail/1232-Hyperion-Ave_Los-Angeles_CA_90029_M25087-01660,Los-Angeles,CA,1232 Hyperion Ave,90029,"1,470sqft","$1,500,000 ","$1,020 "
/realestateandhomes-detail/1420-S-Bundy-Dr-Apt-205_Los-Angeles_CA_90025_M19203-69154,Los-Angeles,CA,1420 S Bundy Dr Apt 205,90025,"1,710sqft","$1,179,000 ",$689 
/realestateandhomes-detail/2626-Raymond-Ave_Los-Angeles_CA_90007_M23091-16034,Los-Angeles,CA,2626 Raymond Ave,90007,"5,326sqft","$1,200,000 ",$225 
/realestateandhomes-detail/748-N-Hudson-Ave-Apt-3_Los-Angeles_CA_90038_M24929-26794,Los-Angeles,CA,748 N Hudson Ave,90038,"5,876sqft","$2,900,000 ",$494 
/realestateandhomes-detail/820-S-Wilton-Pl-Unit-201_Los-Angeles_CA_90005_M96435-98505,Los-Angeles,CA,820 S Wilton Pl Unit 201,90005,"1,473sqft","$898,000 ",$610 
/realestateandhomes-detail/446-Crane-Blvd_Los-Angeles_CA_90065_M12383-68840,Los-Angeles,CA,446 Crane Blvd,90065,"1,138sqft","$999,000 ",$878 
/realestateandhomes-detail/3556-Multiview-Dr_Los-Angeles_CA_90068_M21434-39266,Los-Angeles,CA,3556 Multiview Dr,90068,"5,720sqft","$4,149,000 ",$725 
/realestateandhomes-detail/1568-Murray-Cir_Los-Angeles_CA_90026_M24980-06335,Los-Angeles,CA,1568 Murray Cir,90026,"3,136sqft","$2,395,000 ",$764 
/realestateandhomes-detail/10580-Wilshire-Blvd-Apt-12SW_Los-Angeles_CA_90024_M17636-47705,Los-Angeles,CA,10580 SW Wilshire Blvd Unit 12SW,90024,"2,757sqft","$2,798,000 ","$1,015 "
/realestateandhomes-detail/10501-Wilshire-Blvd-Unit-2003_Los-Angeles_CA_90024_M18602-36537,Los-Angeles,CA,10501 Wilshire Blvd Unit 2003,90024,"1,180sqft","$1,199,000 ","$1,016 "
/realestateandhomes-detail/4201-Woodlawn-Ave_Los-Angeles_CA_90011_M25205-11815,Los-Angeles,CA,4201 Woodlawn Ave,90011,"1,638sqft","$900,000 ",$549 
/realestateandhomes-detail/10580-Wilshire-Blvd-Apt-4S_Los-Angeles_CA_90024_M24465-00429,Los-Angeles,CA,10580 Wilshire Blvd Apt 4S,90024,"2,560sqft","$1,595,000 ",$623 
/realestateandhomes-detail/3231-Cheviot-Vista-Pl-Apt-302_Los-Angeles_CA_90034_M20810-31407,Los-Angeles,CA,3231 Cheviot Vista Pl Apt 302,90034,"1,035sqft","$799,000 ",$772 
/realestateandhomes-detail/8640-Holmes-Ave_Los-Angeles_CA_90002_M18303-67380,Los-Angeles,CA,8640 Holmes Ave,90002,"2,236sqft","$739,000 ",$331 
/realestateandhomes-detail/130-S-Hewitt-St-Apt-20_Los-Angeles_CA_90012_M22077-56551,Los-Angeles,CA,130 S Hewitt St Apt 20,90012,"1,260sqft","$929,000 ",$737 
/realestateandhomes-detail/7570-Shore-Cliff-Dr_Los-Angeles_CA_90045_M15076-26798,Los-Angeles,CA,7570 Shore Cliff Dr,90045,"4,105sqft","$3,099,000 ",$755 
/realestateandhomes-detail/1041-Dexter-St_Los-Angeles_CA_90042_M14408-34706,Los-Angeles,CA,1041 Dexter St,90042,"2,453sqft","$1,850,000 ",$754 
/realestateandhomes-detail/1875-W-Adams-Blvd_Los-Angeles_CA_90018_M13971-29979,Los-Angeles,CA,1875 W Adams Blvd,90018,"9,702sqft","$2,998,000 ",$309 
/realestateandhomes-detail/525-S-Ardmore-Ave-Apt-343_Los-Angeles_CA_90020_M18135-31397,Los-Angeles,CA,525 S Ardmore Ave Apt 343,90020,368sqft,"$265,000 ",$720 
/realestateandhomes-detail/1368-E-49th-St_Los-Angeles_CA_90011_M24555-20012,Los-Angeles,CA,1368 E 49th St,90011,"1,702sqft","$590,000 ",$347 
/realestateandhomes-detail/866-E-52nd-St_Los-Angeles_CA_90011_M22938-97620,Los-Angeles,CA,866 E 52nd St Unit 866,90011,"1,568sqft","$725,000 ",$462 
/realestateandhomes-detail/6419-S-Holt-Ave_Los-Angeles_CA_90056_M11803-84960,Los-Angeles,CA,6419 S Holt Ave,90056,"3,598sqft","$2,998,000 ",$833 
/realestateandhomes-detail/4225-Van-Buren-Pl_Los-Angeles_CA_90037_M23177-96461,Los-Angeles,CA,4225 Van Buren Pl,90037,"1,645sqft","$925,000 ",$562 
/realestateandhomes-detail/1100-S-Lucerne-Blvd_Los-Angeles_CA_90019_M20068-00799,Los-Angeles,CA,1100 S Lucerne Blvd,90019,"3,048sqft","$2,495,000 ",$819 
/realestateandhomes-detail/1329-E-100th-St_Los-Angeles_CA_90002_M93357-68617,Los-Angeles,CA,1329 E 100th St,90002,"1,996sqft","$799,999 ",$401 
/realestateandhomes-detail/1147-N-Hudson-Ave_Los-Angeles_CA_90038_M10496-15617,Los-Angeles,CA,1147 N Hudson Ave,90038,"1,044sqft","$1,399,999 ","$1,341 "
/realestateandhomes-detail/6062-Fountain-Ave_Los-Angeles_CA_90028_M24865-91584,Los-Angeles,CA,6062 Fountain Ave,90028,672sqft,"$825,000 ","$1,228 "
/realestateandhomes-detail/353-S-Hoover-St_Los-Angeles_CA_90020_M17639-30428,Los-Angeles,CA,353 S Hoover St,90020,"2,875sqft","$1,999,999 ",$696 
/realestateandhomes-detail/2136-Dean-Cir_Los-Angeles_CA_90049_M17244-85391,Los-Angeles,CA,2136 Dean Cir,90049,"5,015sqft","$2,750,000 ",$548 
/realestateandhomes-detail/4816-7th-Ave_Los-Angeles_CA_90043_M21231-93709,Los-Angeles,CA,4816 7th Ave,90043,"2,208sqft","$1,200,000 ",$543 
/realestateandhomes-detail/16375-Sloan-Dr_Los-Angeles_CA_90049_M16783-87420,Los-Angeles,CA,16375 Sloan Dr,90049,"4,146sqft","$3,280,000 ",$791 
/realestateandhomes-detail/534-W-91st-St_Los-Angeles_CA_90044_M16943-46689,Los-Angeles,CA,534 W 91st St,90044,"1,608sqft","$719,000 ",$447 
/realestateandhomes-detail/3545-Hillcrest-Dr_Los-Angeles_CA_90016_M10097-13241,Los-Angeles,CA,3545 Hillcrest Dr,90016,"1,012sqft","$1,203,540 ","$1,189 "
/realestateandhomes-detail/10463-Le-Conte-Ave_Los-Angeles_CA_90024_M14096-36815,Los-Angeles,CA,10463 Le Conte Ave,90024,"2,854sqft","$3,999,000 ","$1,401 "
/realestateandhomes-detail/657-W-66th-St_Los-Angeles_CA_90044_M29424-31742,Los-Angeles,CA,657 W 66th St,90044,560sqft,"$400,000 ",$714 
/realestateandhomes-detail/6006-W-74th-St_Los-Angeles_CA_90045_M12380-72639,Los-Angeles,CA,6006 W 74th St,90045,"1,580sqft","$1,290,000 ",$816 
/realestateandhomes-detail/4611-Clarissa-Ave_Los-Angeles_CA_90027_M15360-37817,Los-Angeles,CA,4611 Clarissa Ave,90027,"1,381sqft","$1,099,000 ",$796 
/realestateandhomes-detail/5013-Huntington-Dr-N_Los-Angeles_CA_90032_M19559-10042,Los-Angeles,CA,5013 Huntington Dr N,90032,"1,172sqft","$1,200,000 ","$1,024 "
/realestateandhomes-detail/1348-E-Vernon-Ave_Los-Angeles_CA_90011_M23805-40936,Los-Angeles,CA,1348 E Vernon Ave,90011,"5,927sqft","$2,500,000 ",$422 
/realestateandhomes-detail/11645-Montana-Ave-Apt-220_Los-Angeles_CA_90049_M26002-83677,Los-Angeles,CA,11645 Montana Ave Apt 220,90049,"1,247sqft","$789,900 ",$633 
/realestateandhomes-detail/6250-Hollywood-Blvd-Unit-7N_Los-Angeles_CA_90028_M12963-78888,Los-Angeles,CA,6250 Hollywood Blvd Unit 7N,90028,"1,590sqft","$849,000 ",$534 
/realestateandhomes-detail/3808-Franklin-Ave_Los-Angeles_CA_90027_M26157-66713,Los-Angeles,CA,3808 Franklin Ave,90027,"3,219sqft","$2,999,999 ",$932 
/realestateandhomes-detail/1975-Exposition-Blvd_Los-Angeles_CA_90018_M28919-90103,Los-Angeles,CA,1975 Exposition Blvd,90018,"1,308sqft","$649,000 ",$496 
/realestateandhomes-detail/2927-8th-Ave_Los-Angeles_CA_90018_M11729-00803,Los-Angeles,CA,2927 8th Ave,90018,"2,200sqft","$1,389,000 ",$631 
/realestateandhomes-detail/1913-Canterbury-St-Unit-1_Austin_TX_78702_M95832-85710,Austin,TX,1913 Canterbury St Units 1 & 2,78702,"3,066sqft","$2,440,000 ",$796 
/realestateandhomes-detail/4302-Glomar-Ave_Austin_TX_78721_M78313-35499,Austin,TX,4302 Glomar Ave,78721,"1,284sqft","$545,000 ",$424 
/realestateandhomes-detail/5505-Chadwyck-Dr_Austin_TX_78723_M84155-05041,Austin,TX,5505 Chadwyck Dr,78723,"1,816sqft","$500,000 ",$275 
/realestateandhomes-detail/2610-Northeast-Dr_Austin_TX_78723_M89425-78390,Austin,TX,2610 Northeast Dr,78723,"1,939sqft","$625,000 ",$322 
/realestateandhomes-detail/5817-Daly-Dr_Austin_TX_78747_M71844-09190,Austin,TX,5817 Daly Dr,78747,"2,174sqft","$480,000 ",$221 
/realestateandhomes-detail/1616-Sunterro_Austin_TX_78727_M86142-81027,Austin,TX,1616 Sunterro,78727,"2,484sqft","$599,000 ",$241 
/realestateandhomes-detail/2901-Del-Curto-Rd_Austin_TX_78704_M71744-43655,Austin,TX,2901 Del Curto Rd,78704,952sqft,"$1,500,000 ","$1,576 "
/realestateandhomes-detail/4808-Peralta-Ln_Austin_TX_78735_M70698-33323,Austin,TX,4808 Peralta Ln,78735,"5,237sqft","$5,450,000 ","$1,041 "
/realestateandhomes-detail/6901-Windrift-Way_Austin_TX_78745_M80583-91812,Austin,TX,6901 Windrift Way,78745,"1,212sqft","$625,000 ",$516 
/realestateandhomes-detail/3106-Fontana-Dr-B_Austin_TX_78704_M73009-30682,Austin,TX,3106 Fontana Dr Unit B,78704,"1,987sqft","$1,225,000 ",$617 
/realestateandhomes-detail/11429-Hillhaven-Dr_Austin_TX_78748_M85243-91050,Austin,TX,11429 Hillhaven Dr,78748,"2,174sqft","$545,000 ",$251 
/realestateandhomes-detail/1407-W-9th-St_Austin_TX_78703_M78405-97048,Austin,TX,1407 W 9th St,78703,"2,905sqft","$2,250,000 ",$775 
/realestateandhomes-detail/10008-Quail-Valley-Blvd_Austin_TX_78758_M86054-26805,Austin,TX,10008 Quail Valley Blvd,78758,"1,706sqft","$450,000 ",$264 
/realestateandhomes-detail/8109-Cache-Dr_Austin_TX_78749_M77369-73058,Austin,TX,8109 Cache Dr,78749,"1,507sqft","$469,000 ",$311 
/realestateandhomes-detail/5516-Joe-Sayers-Ave_Austin_TX_78756_M81598-41599,Austin,TX,5516 Joe Sayers Ave,78756,"1,425sqft","$699,000 ",$491 
/realestateandhomes-detail/9407-Marsh-Dr_Austin_TX_78748_M86211-97635,Austin,TX,9407 Marsh Dr,78748,"1,256sqft","$425,000 ",$338 
/realestateandhomes-detail/190-Manchester-Ln_Austin_TX_78737_M79336-36778,Austin,TX,190 Manchester Ln,78737,"2,064sqft","$589,000 ",$285 
/realestateandhomes-detail/9550-Savannah-Ridge-Dr-Unit-27_Austin_TX_78726_M85309-27751,Austin,TX,9550 Savannah Ridge Dr Unit 27,78726,"2,579sqft","$750,000 ",$291 
/realestateandhomes-detail/108-Cartwheel-Bnd_Austin_TX_78738_M83234-97261,Austin,TX,108 Cartwheel Bnd,78738,"1,775sqft","$684,900 ",$386 
/realestateandhomes-detail/507-Hammack-Dr-1_Austin_TX_78752_M95036-76938,Austin,TX,507 Hammack Dr Unit 1,78752,832sqft,"$389,000 ",$468 
/realestateandhomes-detail/11709-Oak-Knoll-Dr_Austin_TX_78759_M76410-27593,Austin,TX,11709 Oak Knoll Dr,78759,"1,600sqft","$585,000 ",$366 
/realestateandhomes-detail/2000-Greenwood-Ave-A_Austin_TX_78723_M97706-20893,Austin,TX,2000 Greenwood Ave Unit A,78723,"1,927sqft","$1,099,000 ",$570 
/realestateandhomes-detail/3809-Spicewood-Springs-Rd-Apt-231_Austin_TX_78759_M86993-16161,Austin,TX,3809 Spicewood Springs Rd Apt 231,78759,"1,041sqft","$420,000 ",$403 
/realestateandhomes-detail/10116-Crescendo-Ln_Austin_TX_78747_M72108-15733,Austin,TX,10116 Crescendo Ln,78747,"1,363sqft","$410,000 ",$301 
/realestateandhomes-detail/7212-Marywood-Cir_Austin_TX_78723_M71399-99072,Austin,TX,7212 Marywood Cir,78723,"2,410sqft","$763,000 ",$317 
/realestateandhomes-detail/7021-Auckland-Dr_Austin_TX_78749_M75089-15455,Austin,TX,7021 Auckland Dr,78749,"2,003sqft","$735,000 ",$367 
/realestateandhomes-detail/2620-Choctaw-Trl_Austin_TX_78745_M70988-94890,Austin,TX,2620 Choctaw Trl,78745,"2,245sqft","$650,000 ",$290 
/realestateandhomes-detail/2512-Cockburn-Dr_Austin_TX_78745_M85992-50624,Austin,TX,2512 Cockburn Dr,78745,"1,395sqft","$575,000 ",$412 
/realestateandhomes-detail/5000-Highland-Ct_Austin_TX_78731_M84499-81112,Austin,TX,5000 Highland Ct,78731,"1,826sqft","$850,000 ",$465 
/realestateandhomes-detail/4804-Blueberry-Trl_Austin_TX_78723_M78585-88275,Austin,TX,4804 Blueberry Trl,78723,"1,620sqft","$560,000 ",$346 
/realestateandhomes-detail/13513-Piping-Plover-Dr_Austin_TX_78729_M84892-63725,Austin,TX,13513 Piping Plover Dr,78729,"1,459sqft","$425,000 ",$291 
/realestateandhomes-detail/10602-Mourning-Dove-Dr_Austin_TX_78750_M79092-80870,Austin,TX,10602 Mourning Dove Dr,78750,"1,956sqft","$725,000 ",$371 
/realestateandhomes-detail/1505-Quaker-Ridge-Dr_Austin_TX_78746_M80157-16530,Austin,TX,1505 Quaker Ridge Dr,78746,"2,090sqft","$1,296,500 ",$620 
/realestateandhomes-detail/110-Academy-Dr-Unit-32_Austin_TX_78704_M94246-54656,Austin,TX,110 Academy Dr Unit 32,78704,"2,780sqft","$3,800,000 ","$1,367 "
/realestateandhomes-detail/2611-Howellwood-Way_Austin_TX_78748_M87705-21228,Austin,TX,2611 Howellwood Way,78748,"2,086sqft","$799,000 ",$383 
/realestateandhomes-detail/2611-Howellwood-Way-A_Austin_TX_78748_M90034-06604,Austin,TX,2611 Howellwood Way Unit A,78748,"1,043sqft","$399,000 ",$383 
/realestateandhomes-detail/8605-Barrow-Glen-Loop_Austin_TX_78749_M85272-23261,Austin,TX,8605 Barrow Glen Loop,78749,"2,207sqft","$660,000 ",$299 
/realestateandhomes-detail/4116-Threadgill-St_Austin_TX_78723_M71720-23784,Austin,TX,4116 Threadgill St,78723,"1,556sqft","$875,000 ",$562 
/realestateandhomes-detail/7412-Oak-Shores-Dr_Austin_TX_78730_M86655-96047,Austin,TX,7412 Oak Shores Dr,78730,"3,814sqft","$2,300,000 ",$603 
/realestateandhomes-detail/5017-Ingersoll-Ln_Austin_TX_78744_M70682-36237,Austin,TX,5017 Ingersoll Ln,78744,"1,847sqft","$499,999 ",$271 
/realestateandhomes-detail/5519-Mc-Carty-Ln_Austin_TX_78749_M89530-42414,Austin,TX,5519 Mc Carty Ln,78749,"1,918sqft","$925,000 ",$482 
/realestateandhomes-detail/2611-Howellwood-Way-B_Austin_TX_78748_M97447-09566,Austin,TX,2611 Howellwood Way Unit B,78748,"1,043sqft","$399,000 ",$383 
/realestateandhomes-detail/11304-Maidenstone-Dr_Austin_TX_78759_M74748-46344,Austin,TX,11304 Maidenstone Dr,78759,"1,440sqft","$549,000 ",$381 
/realestateandhomes-detail/1307-W-Rundberg-Ln-AB_Austin_TX_78758_M94769-12479,Austin,TX,1307 W Rundberg /B Ln Unit A,78758,"2,166sqft","$449,000 ",$207 
/realestateandhomes-detail/4009-Alexandria-Dr_Austin_TX_78749_M71488-57513,Austin,TX,4009 Alexandria Dr,78749,"1,581sqft","$499,500 ",$316 
/realestateandhomes-detail/3504-Charles-St_Austin_TX_78702_M79985-02813,Austin,TX,3504 Charles St,78702,672sqft,"$380,000 ",$565 
/realestateandhomes-detail/2811-Vernon-Ave_Austin_TX_78723_M86381-18299,Austin,TX,2811 Vernon Ave,78723,"2,548sqft","$675,000 ",$265 
/realestateandhomes-detail/8000-Willet-Trl_Austin_TX_78745_M75334-21924,Austin,TX,8000 Willet Trl,78745,"1,528sqft","$625,000 ",$409 
/realestateandhomes-detail/7008-Zachary-Dr_Austin_TX_78724_M84743-30108,Austin,TX,7008 Zachary Dr,78724,"2,153sqft","$665,000 ",$309 
/realestateandhomes-detail/6801-Beckett-Rd-Unit-114R_Austin_TX_78749_M81759-93129,Austin,TX,6801 Beckett Rd Unit 114R,78749,"1,027sqft","$375,000 ",$365 
/realestateandhomes-detail/3138-Montwood-Trl_Austin_TX_78748_M81443-31263,Austin,TX,3138 Montwood Trl,78748,"2,485sqft","$750,000 ",$302 
/realestateandhomes-detail/2811-Vernon-Ave_Austin_TX_78723_M86381-18299,Austin,TX,2811 Vernon Ave,78723,"2,548sqft","$675,000 ",$265 
/realestateandhomes-detail/7008-Zachary-Dr_Austin_TX_78724_M84743-30108,Austin,TX,7008 Zachary Dr,78724,"2,153sqft","$665,000 ",$309 
/realestateandhomes-detail/2611-Howellwood-Way-B_Austin_TX_78748_M97447-09566,Austin,TX,2611 Howellwood Way Unit B,78748,"1,043sqft","$399,000 ",$383 
/realestateandhomes-detail/305-Celery-Loop_Austin_TX_78748_M76175-60688,Austin,TX,305 Celery Loop,78748,"2,232sqft","$515,000 ",$231 
/realestateandhomes-detail/11509-April-Dr_Austin_TX_78753_M82771-99206,Austin,TX,11509 April Dr,78753,"1,671sqft","$650,000 ",$389 
/realestateandhomes-detail/1307-W-Rundberg-Ln-AB_Austin_TX_78758_M94769-12479,Austin,TX,1307 W Rundberg /B Ln Unit A,78758,"2,166sqft","$449,000 ",$207 
/realestateandhomes-detail/904-West-Ave-Ste-207_Austin_TX_78701_M81981-53921,Austin,TX,904 West Ave Ste 207,78701,744sqft,"$425,000 ",$571 
/realestateandhomes-detail/The-Reynolds-890_Copperstone_12004-Copperstone-Ave_Austin_TX_78748_P417000609547,Austin,TX,Sales Office: 12004 Copperstone Ave.,78748,"2,812sqft","$599,990 ",$213 
/realestateandhomes-detail/4208-Avenue-C_Austin_TX_78751_M87767-61087,Austin,TX,4208 Avenue C,78751,888sqft,"$750,000 ",$845 
/realestateandhomes-detail/The-Winedale-880_Copperstone_12004-Copperstone-Ave_Austin_TX_78748_P417000609546,Austin,TX,Sales Office: 12004 Copperstone Ave.,78748,"2,585sqft","$542,990 ",$210 
/realestateandhomes-detail/2501-Inwood-Pl_Austin_TX_78703_M74560-10412,Austin,TX,2501 Inwood Pl,78703,"1,352sqft","$2,750,000 ","$2,034 "
/realestateandhomes-detail/5304-Lake-Mist_Austin_TX_78734_M82940-89452,Austin,TX,5304 Lake Mist,78734,"2,358sqft","$679,900 ",$288 
/realestateandhomes-detail/4009-Alexandria-Dr_Austin_TX_78749_M71488-57513,Austin,TX,4009 Alexandria Dr,78749,"1,581sqft","$499,500 ",$316 
/realestateandhomes-detail/10752-Bramblecrest-Dr_Austin_TX_78726_M76689-93130,Austin,TX,10752 Bramblecrest Dr,78726,"4,151sqft","$1,590,000 ",$383 
/realestateandhomes-detail/5318-Atascosa-Dr_Austin_TX_78744_M75115-58189,Austin,TX,5318 Atascosa Dr,78744,"1,784sqft","$550,000 ",$308 
/realestateandhomes-detail/5602-Woodrow-Ave-Apt-104_Austin_TX_78756_M73643-40046,Austin,TX,5602 Woodrow Ave Apt 104,78756,745sqft,"$360,000 ",$483 
/realestateandhomes-detail/8000-Willet-Trl_Austin_TX_78745_M75334-21924,Austin,TX,8000 Willet Trl,78745,"1,528sqft","$625,000 ",$409 
/realestateandhomes-detail/11304-Maidenstone-Dr_Austin_TX_78759_M74748-46344,Austin,TX,11304 Maidenstone Dr,78759,"1,440sqft","$549,000 ",$381 
/realestateandhomes-detail/6824-Hansa-Loop_Austin_TX_78739_M78338-78999,Austin,TX,6824 Hansa Loop,78739,"3,109sqft","$898,900 ",$289 
/realestateandhomes-detail/5304-Avenue-H_Austin_TX_78751_M76910-36042,Austin,TX,5304 Avenue H,78751,"2,499sqft","$1,790,000 ",$716 
/realestateandhomes-detail/The-McCoy-860_Copperstone_12004-Copperstone-Ave_Austin_TX_78748_P417000609548,Austin,TX,Sales Office: 12004 Copperstone Ave.,78748,"2,279sqft","$556,990 ",$244 
/realestateandhomes-detail/201-Cloudview-Dr_Austin_TX_78745_M72372-35362,Austin,TX,201 Cloudview Dr,78745,"1,479sqft","$600,000 ",$406 
/realestateandhomes-detail/The-Matador-870_Copperstone_12004-Copperstone-Ave_Austin_TX_78748_P417000609549,Austin,TX,Sales Office: 12004 Copperstone Ave.,78748,"2,334sqft","$569,990 ",$244 
/realestateandhomes-detail/11209-Blackmoor-Dr_Austin_TX_78759_M82564-20401,Austin,TX,11209 Blackmoor Dr,78759,"1,833sqft","$699,000 ",$381 
/realestateandhomes-detail/The-Channing-850_Copperstone_12004-Copperstone-Ave_Austin_TX_78748_P417000609542,Austin,TX,Sales Office: 12004 Copperstone Ave.,78748,"2,030sqft","$544,990 ",$268 
/realestateandhomes-detail/The-Callaghan-830_Copperstone_12004-Copperstone-Ave_Austin_TX_78748_P417000609545,Austin,TX,Sales Office: 12004 Copperstone Ave.,78748,"1,688sqft","$520,990 ",$309 
/realestateandhomes-detail/640-Twelve-Oaks-Ln_Austin_TX_78704_M80345-34241,Austin,TX,640 Twelve Oaks Ln,78704,"2,636sqft","$1,100,000 ",$417 
/realestateandhomes-detail/2717-Saint-Edwards-Cir_Austin_TX_78704_M85111-91202,Austin,TX,2717 Saint Edwards Cir,78704,"1,904sqft","$825,000 ",$433 
/realestateandhomes-detail/The-Briscoe-820_Copperstone_12004-Copperstone-Ave_Austin_TX_78748_P417000609543,Austin,TX,Sales Office: 12004 Copperstone Ave.,78748,"1,479sqft","$495,990 ",$335 
/realestateandhomes-detail/The-Braman-810_Copperstone_12004-Copperstone-Ave_Austin_TX_78748_P417000609544,Austin,TX,Sales Office: 12004 Copperstone Ave.,78748,"1,363sqft","$453,990 ",$333 
/realestateandhomes-detail/1132-Reagan-Ter-1_Austin_TX_78704_M81347-29153,Austin,TX,1132 Reagan Ter Unit 1,78704,"1,270sqft","$749,000 ",$590 
/realestateandhomes-detail/15405-Shady-Ln_Austin_TX_78717_M72240-41138,Austin,TX,15405 Shady Ln,78717,"2,063sqft","$550,000 ",$267 
/realestateandhomes-detail/9100-Alex-Ln_Austin_TX_78748_M75226-94008,Austin,TX,9100 Alex Ln,78748,"1,950sqft","$514,900 ",$264 
/realestateandhomes-detail/1606-Airedale-Rd-2604_Austin_TX_78748_M70934-05758,Austin,TX,1606 Airedale Rd Unit 2604,78748,"1,329sqft","$365,000 ",$275 
/realestateandhomes-detail/11903-Oak-Trl_Austin_TX_78753_M84015-55656,Austin,TX,11903 Oak Trl,78753,"1,867sqft","$625,000 ",$335 
/realestateandhomes-detail/11012-Fonso-Ln_Austin_TX_78748_M78878-83127,Austin,TX,11012 Fonso Ln,78748,"2,293sqft","$597,000 ",$260 
/realestateandhomes-detail/5105-Woodrow-Ave_Austin_TX_78756_M78531-42892,Austin,TX,5105 Woodrow Ave,78756,896sqft,"$695,000 ",$776 
/realestateandhomes-detail/10414-Quail-Ridge-Dr_Austin_TX_78758_M74977-97090,Austin,TX,10414 Quail Ridge Dr,78758,"1,224sqft","$599,000 ",$489 
/realestateandhomes-detail/12021-Cimaizon-Dr_Austin_TX_78725_M94789-62277,Austin,TX,12021 Cimaizon Dr,78725,"1,922sqft","$515,000 ",$268 
/realestateandhomes-detail/8901-Corran-Ferry-Dr_Austin_TX_78749_M83294-64278,Austin,TX,8901 Corran Ferry Dr,78749,"1,945sqft","$590,000 ",$303 
/realestateandhomes-detail/6406-Capriola-Dr_Austin_TX_78745_M80371-38852,Austin,TX,6406 Capriola Dr,78745,"1,098sqft","$474,000 ",$432 
/realestateandhomes-detail/1509-Cattle-Trl_Austin_TX_78748_M85536-34481,Austin,TX,1509 Cattle Trl,78748,"1,848sqft","$679,000 ",$367 
/realestateandhomes-detail/8003-Castle-Peake-Trl_Austin_TX_78726_M87742-98386,Austin,TX,8003 Castle Peake Trl,78726,"3,016sqft","$715,000 ",$237 
/realestateandhomes-detail/2300-Inverrary-Cir_Austin_TX_78747_M87574-52254,Austin,TX,2300 Inverrary Cir,78747,"3,628sqft","$1,450,000 ",$400 
/realestateandhomes-detail/1916-E-M-Franklin-Ave-Unit-B_Austin_TX_78723_M82253-24034,Austin,TX,1916 E M Franklin Ave Unit B,78723,"2,295sqft","$1,175,000 ",$512 
/realestateandhomes-detail/9905-Woodlake-Cv_Austin_TX_78733_M81796-31221,Austin,TX,9905 Woodlake Cv,78733,"1,485sqft","$849,900 ",$572 
/realestateandhomes-detail/5507-Oakwood-Cv-B_Austin_TX_78731_M88176-29932,Austin,TX,5507 Oakwood Cv Unit B,78731,"2,412sqft","$825,000 ",$342 
/realestateandhomes-detail/Plan-224_Parten-75ft-lots_359-Cistern-Way_Austin_TX_78737_P417000676878,Austin,TX,Sales Office: 359 Cistern Way,78737,"3,975sqft","$970,990 ",$244 
/realestateandhomes-detail/8214-35th-Ave-SW_Seattle_WA_98126_M10193-15105,Seattle,WA,8214 35th Ave SW,98126,"1,780sqft","$650,000 ",$365 
/realestateandhomes-detail/11158-Beacon-Ave-S_Seattle_WA_98178_M29192-03014,Seattle,WA,11158 Beacon Ave S,98178,770sqft,"$560,000 ",$727 
/realestateandhomes-detail/6031-52nd-Ave-NE_Seattle_WA_98115_M14746-05200,Seattle,WA,6031 52nd Ave NE,98115,"2,634sqft","$1,525,000 ",$579 
/realestateandhomes-detail/7026-6th-Ave-NW_Seattle_WA_98117_M28978-62927,Seattle,WA,7026 6th Ave NW,98117,"2,230sqft","$1,090,000 ",$489 
/realestateandhomes-detail/2920-SW-Raymond-St-1103_Seattle_WA_98126_M98967-65848,Seattle,WA,2920 SW Raymond St Unit 1103,98126,"1,681sqft","$595,000 ",$354 
/realestateandhomes-detail/2015-Terry-Ave-Apt-207_Seattle_WA_98121_M26102-05007,Seattle,WA,2015 Terry Ave Apt 207,98121,648sqft,"$409,000 ",$631 
/realestateandhomes-detail/2528-SW-112th-St_Seattle_WA_98146_M16009-69640,Seattle,WA,2528 SW 112th St,98146,"3,950sqft","$985,000 ",$249 
/realestateandhomes-detail/2043B-NW-64th-St_Seattle_WA_98107_M19265-24270,Seattle,WA,2043 NW 64th St Unit B,98107,"1,346sqft","$899,000 ",$668 
/realestateandhomes-detail/514-N-137th-St_Seattle_WA_98133_M21789-40624,Seattle,WA,514 N 137th St,98133,"2,020sqft","$895,000 ",$443 
/realestateandhomes-detail/10319-Midvale-Ave-N-Apt-A_Seattle_WA_98133_M22754-09706,Seattle,WA,10319 Midvale Ave N Apt A,98133,"1,320sqft","$585,000 ",$443 
/realestateandhomes-detail/937A-Nw-56th-St_Seattle_WA_98107_M94705-06390,Seattle,WA,937A Nw 56th St,98107,"1,290sqft","$774,900 ",$601 
/realestateandhomes-detail/302-NE-43rd-St_Seattle_WA_98105_M17811-17761,Seattle,WA,302 NE 43rd St,98105,"4,130sqft","$1,600,000 ",$387 
/realestateandhomes-detail/9217-4th-Ave-NW_Seattle_WA_98117_M17825-77063,Seattle,WA,9217 4th Ave NW,98117,"1,830sqft","$825,000 ",$451 
/realestateandhomes-detail/807-Lake-Washington-Blvd-S_Seattle_WA_98144_M21463-89603,Seattle,WA,807 Lake Washington Blvd S,98144,"2,600sqft","$1,525,000 ",$587 
/realestateandhomes-detail/2001-E-Yesler-Way-Unit-30_Seattle_WA_98122_M23708-35557,Seattle,WA,2001 E Yesler Way Unit 30,98122,"1,388sqft","$599,000 ",$432 
/realestateandhomes-detail/5845-NE-Park-Point-Dr-203G_Seattle_WA_98115_M11599-07735,Seattle,WA,5845 NE Park Point Dr Unit G203,98115,"1,554sqft","$675,000 ",$434 
/realestateandhomes-detail/2312-W-Boston-St-Apt-102_Seattle_WA_98199_M14539-41769,Seattle,WA,2312 W Boston St Apt 102,98199,"1,018sqft","$559,500 ",$550 
/realestateandhomes-detail/2600-2nd-Ave-Apt-217_Seattle_WA_98121_M21184-91749,Seattle,WA,2600 2nd Ave Apt 217,98121,921sqft,"$590,000 ",$641 
/realestateandhomes-detail/118-SW-116th-St-Unit-D13_Seattle_WA_98146_M93277-17463,Seattle,WA,118 SW 116th St Unit D13,98146,877sqft,"$350,000 ",$399 
/realestateandhomes-detail/7009-S-115th-St_Seattle_WA_98178_M19479-72243,Seattle,WA,7009 S 115th St,98178,"1,485sqft","$510,000 ",$343 
/realestateandhomes-detail/1744-NE-92nd-St_Seattle_WA_98115_M18862-74363,Seattle,WA,1744 NE 92nd St,98115,"1,490sqft","$859,950 ",$577 
/realestateandhomes-detail/938-SW-97th-St_Seattle_WA_98106_M10717-24776,Seattle,WA,938 SW 97th St,98106,"1,650sqft","$675,000 ",$409 
/realestateandhomes-detail/917-25th-Ave_Seattle_WA_98122_M13195-69249,Seattle,WA,917 25th Ave,98122,"1,970sqft","$1,050,000 ",$533 
/realestateandhomes-detail/710-11th-Ave-E-D_Seattle_WA_98102_M95558-95659,Seattle,WA,710 11th Ave E Unit D,98102,"1,110sqft","$815,000 ",$734 
/realestateandhomes-detail/1123-16th-Ave_Seattle_WA_98122_M28478-85720,Seattle,WA,1123 16th Ave,98122,"1,936sqft","$1,295,000 ",$669 
/realestateandhomes-detail/12721-Greenwood-Ave-N-Apt-A_Seattle_WA_98133_M26172-87461,Seattle,WA,12721 Greenwood Ave N Apt A,98133,"1,620sqft","$690,000 ",$426 
/realestateandhomes-detail/6518-5th-Ave-NE_Seattle_WA_98115_M98013-55343,Seattle,WA,6518 5th Ave NE,98115,"1,370sqft","$735,000 ",$536 
/realestateandhomes-detail/3105-Cascadia-Ave-S_Seattle_WA_98144_M11628-94667,Seattle,WA,3105 Cascadia Ave S,98144,"7,400sqft","$3,950,000 ",$534 
/realestateandhomes-detail/2211-32nd-Ave-S_Seattle_WA_98144_M23279-45239,Seattle,WA,2211 32nd Ave S,98144,"2,740sqft","$1,349,000 ",$492 
/realestateandhomes-detail/3105-E-Spring-St_Seattle_WA_98122_M15425-36642,Seattle,WA,3105 E Spring St,98122,"2,160sqft","$1,252,000 ",$580 
/realestateandhomes-detail/8620-9th-Ave-SW_Seattle_WA_98106_M19921-02120,Seattle,WA,8620 9th Ave SW,98106,"1,140sqft","$538,000 ",$472 
/realestateandhomes-detail/12564-12th-Ave-NW_Seattle_WA_98177_M14381-27620,Seattle,WA,12564 12th Ave NW,98177,"2,220sqft","$1,250,000 ",$563 
/realestateandhomes-detail/2802-33rd-Ave-S_Seattle_WA_98144_M12382-93115,Seattle,WA,2802 33rd Ave S,98144,"2,567sqft","$1,549,950 ",$604 
/realestateandhomes-detail/2607-Western-Ave-Apt-510_Seattle_WA_98121_M14763-48996,Seattle,WA,2607 Western Ave Apt 510,98121,932sqft,"$595,000 ",$638 
/realestateandhomes-detail/612-N-59th-St_Seattle_WA_98103_M17785-70715,Seattle,WA,612 N 59th St,98103,"2,810sqft","$1,374,000 ",$489 
/realestateandhomes-detail/5714-28th-Ave-NW_Seattle_WA_98107_M17001-38500,Seattle,WA,5714 28th Ave NW,98107,"1,610sqft","$895,000 ",$556 
/realestateandhomes-detail/3467-21st-Ave-W_Seattle_WA_98199_M26572-18669,Seattle,WA,3467 21st Ave W,98199,"1,230sqft","$725,000 ",$589 
/realestateandhomes-detail/3401-Wallingford-Ave-N-Apt-306_Seattle_WA_98103_M28581-75981,Seattle,WA,3401 Wallingford Ave N Apt 306,98103,694sqft,"$499,950 ",$720 
/realestateandhomes-detail/9014-20th-Ave-NE_Seattle_WA_98115_M16299-90179,Seattle,WA,9014 20th Ave NE,98115,"1,150sqft","$625,000 ",$543 
/realestateandhomes-detail/1473-NW-83rd-St_Seattle_WA_98117_M15591-89443,Seattle,WA,1473 NW 83rd St,98117,"2,020sqft","$1,050,000 ",$520 
/realestateandhomes-detail/8548-19th-Ave-NW_Seattle_WA_98117_M26646-38657,Seattle,WA,8548 19th Ave NW,98117,"1,520sqft","$799,950 ",$526 
/realestateandhomes-detail/1234-Taylor-Ave-N-Apt-202_Seattle_WA_98109_M10998-40783,Seattle,WA,1234 Taylor Ave N Apt 202,98109,711sqft,"$440,000 ",$619 
/realestateandhomes-detail/1203-W-Bothwell-St_Seattle_WA_98119_M14500-51316,Seattle,WA,1203 W Bothwell St,98119,"2,040sqft","$1,370,000 ",$672 
/realestateandhomes-detail/9208-Fremont-Ave-N_Seattle_WA_98103_M20441-27301,Seattle,WA,9208 Fremont Ave N,98103,"1,824sqft","$675,000 ",$370 
/realestateandhomes-detail/3926-1st-Ave-NE-Apt-31_Seattle_WA_98105_M26358-35233,Seattle,WA,3926 1st Ave NE Apt 31,98105,716sqft,"$512,000 ",$715 
/realestateandhomes-detail/1702-NW-61st-St_Seattle_WA_98107_M29439-05962,Seattle,WA,1702 NW 61st St,98107,"2,370sqft","$999,995 ",$422 
/realestateandhomes-detail/4406-Francis-Ave-N_Seattle_WA_98103_M98860-64770,Seattle,WA,4406 Francis Ave N,98103,"2,187sqft","$1,499,950 ",$686 
/realestateandhomes-detail/3217-NE-80th-St_Seattle_WA_98115_M16479-75292,Seattle,WA,3217 NE 80th St,98115,"3,623sqft","$2,095,000 ",$578 
/realestateandhomes-detail/4874-Puget-Blvd-SW_Seattle_WA_98106_M26375-79943,Seattle,WA,4874 Puget Blvd SW,98106,"2,400sqft","$1,398,000 ",$583 
/realestateandhomes-detail/3723-41st-Ave-SW_Seattle_WA_98116_M23596-71855,Seattle,WA,3723 41st Ave SW,98116,"4,002sqft","$2,180,000 ",$545 
/realestateandhomes-detail/539-S-Cloverdale-St-D_Seattle_WA_98108_M96633-18742,Seattle,WA,539 S Cloverdale St Unit D,98108,"1,409sqft","$599,000 ",$425 
/realestateandhomes-detail/359-N-75th-St_Seattle_WA_98103_M17958-08766,Seattle,WA,359 N 75th St,98103,780sqft,"$750,000 ",$962 
/realestateandhomes-detail/9204-40th-Ave-NE_Seattle_WA_98115_M29500-74958,Seattle,WA,9204 40th Ave NE,98115,"2,110sqft","$1,250,000 ",$592 
/realestateandhomes-detail/5829-NE-75th-St-Unit-446_Seattle_WA_98115_M19104-52041,Seattle,WA,5829 NE 75th St Unit A446,98115,"1,015sqft","$500,000 ",$493 
/realestateandhomes-detail/4215-S-Holly-St_Seattle_WA_98118_M19682-71512,Seattle,WA,4215 S Holly St,98118,"2,200sqft","$799,999 ",$364 
/realestateandhomes-detail/1820-NE-55th-St_Seattle_WA_98105_M93233-72575,Seattle,WA,1820 NE 55th St,98105,"1,098sqft","$899,950 ",$820 
/realestateandhomes-detail/725-N-100th-St_Seattle_WA_98133_M29078-14860,Seattle,WA,725 N 100th St,98133,"1,710sqft","$659,000 ",$385 
/realestateandhomes-detail/588-Bell-St-Unit-3903S_Seattle_WA_98121_M90540-61010,Seattle,WA,588 Bell St Unit 3903S,98121,"1,476sqft","$1,690,000 ","$1,145 "
/realestateandhomes-detail/213-W-Kinnear-Pl_Seattle_WA_98119_M26150-87213,Seattle,WA,213 W Kinnear Pl,98119,"1,948sqft","$1,625,000 ",$834 
/realestateandhomes-detail/6543-44th-Ave-NE_Seattle_WA_98115_M21827-78833,Seattle,WA,6543 44th Ave NE,98115,"1,630sqft","$950,000 ",$583 
/realestateandhomes-detail/6734-7th-Ave-NW_Seattle_WA_98117_M15289-99139,Seattle,WA,6734 7th Ave NW,98117,"1,400sqft","$973,000 ",$695 
/realestateandhomes-detail/1212-E-Shelby-St-Apt-4_Seattle_WA_98102_M90260-73263,Seattle,WA,1212 E Shelby St Apt 4,98102,691sqft,"$998,000 ","$1,444 "
/realestateandhomes-detail/308-E-Republican-St-Apt-412_Seattle_WA_98102_M92501-41243,Seattle,WA,308 E Republican St Apt 412,98102,732sqft,"$405,000 ",$553 
/realestateandhomes-detail/12036-Roosevelt-Way-NE-Apt-B_Seattle_WA_98125_M11452-34095,Seattle,WA,12036 Roosevelt Way NE Apt B,98125,"1,602sqft","$699,990 ",$437 
/realestateandhomes-detail/611-Post-Ave-6_Seattle_WA_98104_M26842-19326,Seattle,WA,611 Post Ave Unit 6,98104,"1,045sqft","$845,000 ",$809 
/realestateandhomes-detail/409-NE-44th-St_Seattle_WA_98105_M28082-78750,Seattle,WA,409 NE 44th St,98105,"2,390sqft","$1,285,000 ",$538 
/realestateandhomes-detail/8429-22nd-Ave-SW_Seattle_WA_98106_M91244-34313,Seattle,WA,8429 22nd Ave SW,98106,"1,546sqft","$699,950 ",$453 
/realestateandhomes-detail/3919-Latona-Ave-NE-Apt-405_Seattle_WA_98105_M12528-17477,Seattle,WA,3919 Latona Ave NE Apt 405,98105,"1,517sqft","$1,399,999 ",$923 
/realestateandhomes-detail/2821-2nd-Ave-Apt-1801_Seattle_WA_98121_M26532-64688,Seattle,WA,2821 2nd Ave Apt 1801,98121,"2,577sqft","$2,850,000 ","$1,106 "
/realestateandhomes-detail/6921-57th-Ave-NE_Seattle_WA_98115_M13976-72367,Seattle,WA,6921 57th Ave NE,98115,"2,880sqft","$2,138,000 ",$742 
/realestateandhomes-detail/2818C-15th-Ave-S_Seattle_WA_98144_M97175-76496,Seattle,WA,2818 C 15th Ave S,98144,"1,835sqft","$950,000 ",$518 
/realestateandhomes-detail/900-Lenora-St-Apt-409_Seattle_WA_98121_M21551-89958,Seattle,WA,900 Lenora St Unit W409,98121,822sqft,"$579,000 ",$704 
/realestateandhomes-detail/12202-9th-Ave-NW_Seattle_WA_98177_M14650-42558,Seattle,WA,12202 9th Ave NW,98177,"2,110sqft","$1,250,000 ",$592 
/realestateandhomes-detail/2929-1st-Ave-Apt-1202_Seattle_WA_98121_M11879-88708,Seattle,WA,2929 1st Ave Apt 1202,98121,"3,036sqft","$3,695,000 ","$1,217 "
/realestateandhomes-detail/10531-Aurora-Ave-N_Seattle_WA_98133_M18973-08934,Seattle,WA,10531 Aurora Ave N,98133,"5,312sqft","$1,650,000 ",$311 
/realestateandhomes-detail/1301-Spring-St-Apt-20I_Seattle_WA_98104_M14194-45308,Seattle,WA,1301 Spring St Apt 20I,98104,"1,892sqft","$1,545,000 ",$817 
/realestateandhomes-detail/2000-1st-Ave-Apt-604_Seattle_WA_98121_M28153-49985,Seattle,WA,2000 1st Ave Unit 604W,98121,"1,523sqft","$895,000 ",$588 
/realestateandhomes-detail/2143-9th-Ave-W-Unit-14_Seattle_WA_98119_M90782-06520,Seattle,WA,2143 9th Ave W Unit 14,98119,"1,362sqft","$1,099,000 ",$807 
/realestateandhomes-detail/826-17th-Ave-B_Seattle_WA_98122_M91597-23465,Seattle,WA,826 17th Ave # B,98122,"1,705sqft","$1,049,999 ",$616 
/realestateandhomes-detail/6400-44th-Ave-S_Seattle_WA_98118_M12718-19869,Seattle,WA,6400 44th Ave S,98118,"1,330sqft","$670,000 ",$504 
/realestateandhomes-detail/4516-Stanford-Ave-NE_Seattle_WA_98105_M20424-11845,Seattle,WA,4516 Stanford Ave NE,98105,"3,090sqft","$1,675,000 ",$542 
/realestateandhomes-detail/7705-20th-Ave-SW_Seattle_WA_98106_M18708-52744,Seattle,WA,7705 20th Ave SW,98106,"2,040sqft","$700,000 ",$343 
/realestateandhomes-detail/1901-Federal-Ave-E_Seattle_WA_98102_M12241-63545,Seattle,WA,1901 Federal Ave E,98102,"3,470sqft","$1,436,999 ",$414 
/realestateandhomes-detail/4056-34th-Ave-S_Seattle_WA_98118_M14782-62521,Seattle,WA,4056 34th Ave S,98118,"1,872sqft","$1,150,000 ",$614 
/realestateandhomes-detail/4002-33rd-Ave-W_Seattle_WA_98199_M15716-96095,Seattle,WA,4002 33rd Ave W,98199,"2,050sqft","$899,000 ",$439 
/realestateandhomes-detail/928-NW-52nd-St-B_Seattle_WA_98107_M11703-54091,Seattle,WA,928 NW 52nd St Unit B,98107,"1,350sqft","$750,000 ",$556 
/realestateandhomes-detail/918-N-100th-St-B_Seattle_WA_98133_M98129-43195,Seattle,WA,918 N 100th St Unit B,98133,900sqft,"$585,000 ",$650 
/realestateandhomes-detail/3721-32nd-Ave-W_Seattle_WA_98199_M26370-24777,Seattle,WA,3721 32nd Ave W,98199,"1,960sqft","$902,400 ",$460 
/realestateandhomes-detail/408-Bellevue-Ave-E-Apt-1_Seattle_WA_98102_M10294-29796,Seattle,WA,408 Bellevue Ave E Apt 1,98102,700sqft,"$314,500 ",$449 
/realestateandhomes-detail/10059-Wallingford-Ave-N_Seattle_WA_98133_M96919-90254,Seattle,WA,10059 Wallingford Ave N,98133,"1,618sqft","$749,950 ",$464 
/realestateandhomes-detail/5002-8th-Ave-NE_Seattle_WA_98105_M21582-29503,Seattle,WA,5002 8th Ave NE,98105,"2,100sqft","$850,000 ",$405 
/realestateandhomes-detail/1919-Federal-Ave-E_Seattle_WA_98102_M97532-48378,Seattle,WA,1919 Federal Ave E,98102,"3,738sqft","$3,850,000 ","$1,030 "
/realestateandhomes-detail/8709-21st-Ave-NW_Seattle_WA_98117_M21316-09545,Seattle,WA,8709 21st Ave NW,98117,"1,420sqft","$1,150,000 ",$810 
/realestateandhomes-detail/1920-4th-Ave-Unit-2704_Seattle_WA_98101_M26552-43574,Seattle,WA,1920 4th Ave Unit 2704,98101,"2,442sqft","$2,500,000 ","$1,024 "
/realestateandhomes-detail/9252-9th-Ave-NW_Seattle_WA_98117_M25628-22508,Seattle,WA,9252 NW 9th Ave,98117,"2,180sqft","$849,000 ",$389 
/realestateandhomes-detail/6003-17th-Ave-SW_Seattle_WA_98106_M25669-60982,Seattle,WA,6003 17th Ave SW,98106,"2,550sqft","$898,000 ",$352 
/realestateandhomes-detail/1000-NE-50th-St_Seattle_WA_98105_M94629-17400,Seattle,WA,1000 NE 50th St,98105,-,"$13,200,000 ",
/realestateandhomes-detail/7500-45th-Ave-SW_Seattle_WA_98136_M16355-83219,Seattle,WA,7500 45th Ave SW,98136,"2,200sqft","$575,000 ",$261 
/realestateandhomes-detail/1420-Terry-Ave-Unit-2002_Seattle_WA_98101_M26544-80799,Seattle,WA,1420 Terry Ave Unit 2002,98101,"1,310sqft","$974,950 ",$744 
/realestateandhomes-detail/2001-S-Calumet-Ave-Apt-503_Chicago_IL_60616_M80052-43578,Chicago,IL,2001 S Calumet Ave Apt 503,60616,"1,200sqft","$330,000 ",$275 
/realestateandhomes-detail/7433-N-Odell-Ave_Chicago_IL_60631_M73391-92260,Chicago,IL,7433 N Odell Ave,60631,"1,170sqft","$390,000 ",$333 
/realestateandhomes-detail/7431-S-Paxton-Ave-Apt-3_Chicago_IL_60649_M76798-90161,Chicago,IL,7431 S Paxton Ave Unit 3N,60649,"1,200sqft","$179,900 ",$150 
/realestateandhomes-detail/345-N-Canal-St-Apt-1101_Chicago_IL_60606_M80468-30688,Chicago,IL,345 N Canal St Apt 1101,60606,995sqft,"$287,500 ",$289 
/realestateandhomes-detail/5916-S-Wood-St_Chicago_IL_60636_M77723-90989,Chicago,IL,5916 S Wood St,60636,"1,365sqft","$169,000 ",$124 
/realestateandhomes-detail/1366-N-Dearborn-St-Apt-4A_Chicago_IL_60610_M75621-09425,Chicago,IL,1366 N Dearborn St Apt 4A,60610,"1,920sqft","$1,350,000 ",$703 
/realestateandhomes-detail/Chicago_IL_60617_M84800-95204,Chicago,IL,Chicago,60617,"1,230sqft","$309,900 ",$252 
/realestateandhomes-detail/2616-W-Homer-St_Chicago_IL_60647_M78081-59505,Chicago,IL,2616 W Homer St,60647,"2,657sqft","$1,195,000 ",$450 
/realestateandhomes-detail/724-W-116th-St_Chicago_IL_60628_M88668-59864,Chicago,IL,724 W 116th St,60628,"1,186sqft","$89,900 ",$76 
/realestateandhomes-detail/7431-S-Paxton-Ave-Apt-2_Chicago_IL_60649_M93653-58086,Chicago,IL,7431 S Paxton Ave Unit 2S,60649,"1,200sqft","$179,900 ",$150 
/realestateandhomes-detail/8426-S-May-St_Chicago_IL_60620_M83651-61961,Chicago,IL,8426 S May St,60620,"2,196sqft","$350,000 ",$159 
/realestateandhomes-detail/6437-N-Algonquin-Ave_Chicago_IL_60646_M79819-45087,Chicago,IL,6437 N Algonquin Ave,60646,"1,100sqft","$359,000 ",$326 
/realestateandhomes-detail/10239-S-Princeton-Ave_Chicago_IL_60628_M78075-53591,Chicago,IL,10239 S Princeton Ave,60628,893sqft,"$177,400 ",$199 
/realestateandhomes-detail/1210-N-Astor-St-Apt-3B_Chicago_IL_60610_M79786-64981,Chicago,IL,1210 N Astor St Apt 3B,60610,"2,300sqft","$650,000 ",$283 
/realestateandhomes-detail/7938-S-Throop-St_Chicago_IL_60620_M77530-87230,Chicago,IL,7938 S Throop St,60620,"1,656sqft","$210,000 ",$127 
/realestateandhomes-detail/419-E-42nd-St_Chicago_IL_60653_M82357-53792,Chicago,IL,419 E 42nd St,60653,"3,900sqft","$455,000 ",$117 
/realestateandhomes-detail/6727-S-Eberhart-Ave_Chicago_IL_60637_M85915-93681,Chicago,IL,6727 S Eberhart Ave,60637,"1,452sqft","$15,000 ",$10 
/realestateandhomes-detail/1806-N-Dayton-St_Chicago_IL_60614_M85531-84570,Chicago,IL,1806 N Dayton St,60614,-,"$575,000 ",
/realestateandhomes-detail/7431-S-Paxton-Ave-Apt-1_Chicago_IL_60649_M87363-98584,Chicago,IL,7431 S Paxton Ave Unit 1S,60649,"1,200sqft","$179,900 ",$150 
/realestateandhomes-detail/7408-S-Dorchester-Ave_Chicago_IL_60619_M81361-10225,Chicago,IL,7408 S Dorchester Ave,60619,"1,536sqft","$125,000 ",$81 
/realestateandhomes-detail/2048-N-Bingham-St_Chicago_IL_60647_M75040-04300,Chicago,IL,2048 N Bingham St,60647,-,"$1,200,000 ",
/realestateandhomes-detail/318-E-70th-St_Chicago_IL_60637_M77439-62485,Chicago,IL,318 E 70th St,60637,"3,350sqft","$395,000 ",$118 
/realestateandhomes-detail/4814-N-Moody-Ave_Chicago_IL_60630_M73745-56937,Chicago,IL,4814 N Moody Ave,60630,"1,117sqft","$329,900 ",$295 
/realestateandhomes-detail/3339-W-Gladys-Ave_Chicago_IL_60624_M77555-63565,Chicago,IL,3339 W Gladys Ave,60624,-,"$269,900 ",
/realestateandhomes-detail/1023-N-Marshfield-Ave-Apt-3_Chicago_IL_60622_M73547-12838,Chicago,IL,1023 N Marshfield Ave Unit C,60622,"1,717sqft","$699,000 ",$407 
/realestateandhomes-detail/2236-W-Armitage-Ave-Apt-301_Chicago_IL_60647_M70144-58915,Chicago,IL,2236 W Armitage Ave Apt 301,60647,"1,700sqft","$499,000 ",$294 
/realestateandhomes-detail/515-N-Noble-St-Apt-603_Chicago_IL_60642_M87947-40483,Chicago,IL,515 N Noble St Apt 603,60642,-,"$349,000 ",
/realestateandhomes-detail/3535-N-New-England-Ave_Chicago_IL_60634_M76415-72490,Chicago,IL,3535 N New England Ave,60634,"6,250sqft","$495,000 ",$79 
/realestateandhomes-detail/235-W-110th-St_Chicago_IL_60628_M86118-94693,Chicago,IL,235 W 110th St,60628,798sqft,"$145,000 ",$182 
/realestateandhomes-detail/Chicago_IL_60617_M73484-66222,Chicago,IL,Chicago,60617,"1,062sqft","$175,000 ",$165 
/realestateandhomes-detail/5855-N-Sheridan-Rd-Apt-22B_Chicago_IL_60660_M74570-34691,Chicago,IL,5855 N Sheridan Rd Apt 22B,60660,"1,600sqft","$355,000 ",$222 
/realestateandhomes-detail/565-W-Quincy-St-Unit-1717_Chicago_IL_60661_M95442-03862,Chicago,IL,565 W Quincy St Unit 1717,60661,765sqft,"$329,900 ",$431 
/realestateandhomes-detail/6743-S-Wabash-Ave_Chicago_IL_60637_M84589-26926,Chicago,IL,6743 S Wabash Ave,60637,-,"$220,000 ",
/realestateandhomes-detail/4170-N-Marine-Dr-Apt-18G_Chicago_IL_60613_M74851-61244,Chicago,IL,4170 N Marine Dr Apt 18G,60613,957sqft,"$265,000 ",$277 
/realestateandhomes-detail/41-E-8th-St-Apt-3203_Chicago_IL_60605_M88382-73158,Chicago,IL,41 E 8th St Apt 3203,60605,"1,300sqft","$439,900 ",$338 
/realestateandhomes-detail/2808-W-84th-St_Chicago_IL_60652_M72628-89097,Chicago,IL,2808 W 84th St,60652,998sqft,"$205,000 ",$205 
/realestateandhomes-detail/4729-N-Kildare-Ave_Chicago_IL_60630_M81406-94854,Chicago,IL,4729 N Kildare Ave,60630,-,"$545,000 ",
/realestateandhomes-detail/4316-S-Wells-St_Chicago_IL_60609_M82720-51982,Chicago,IL,4316 S Wells St,60609,-,"$180,000 ",
/realestateandhomes-detail/1445-N-State-Pkwy-Apt-2004_Chicago_IL_60610_M77600-62962,Chicago,IL,1445 N State Pkwy Apt 2004,60610,-,"$229,000 ",
/realestateandhomes-detail/7716-S-Kingston-Ave_Chicago_IL_60649_M80631-82548,Chicago,IL,7716 S Kingston Ave,60649,-,"$225,000 ",
/realestateandhomes-detail/1841-S-Calumet-Ave-Apt-1511_Chicago_IL_60616_M80053-64332,Chicago,IL,1841 S Calumet Ave Apt 1511,60616,"1,080sqft","$345,000 ",$319 
/realestateandhomes-detail/3150-N-Sheridan-Rd-Apt-17A_Chicago_IL_60657_M70747-00642,Chicago,IL,3150 N Sheridan Rd Apt 17A,60657,"1,350sqft","$300,000 ",$222 
/realestateandhomes-detail/689-N-Milwaukee-Ave-Apt-4_Chicago_IL_60642_M87784-25733,Chicago,IL,689 N Milwaukee Ave Apt 4,60642,-,"$269,000 ",
/realestateandhomes-detail/8737-S-East-End-Ave_Chicago_IL_60617_M85741-35885,Chicago,IL,8737 S East End Ave,60617,"1,360sqft","$200,000 ",$147 
/realestateandhomes-detail/Chicago_IL_60634_M87576-36903,Chicago,IL,Chicago,60634,"1,000sqft","$368,900 ",$369 
/realestateandhomes-detail/40-E-9th-St-Apt-1808_Chicago_IL_60605_M85856-65583,Chicago,IL,40 E 9th St Apt 1808,60605,"1,350sqft","$319,000 ",$236 
/realestateandhomes-detail/1245-N-Dearborn-St-Apt-Gn_Chicago_IL_60610_M74433-70744,Chicago,IL,1245 N Dearborn St Apt Gn,60610,-,"$450,000 ",
/realestateandhomes-detail/2817-W-Bryn-Mawr-Ave_Chicago_IL_60659_M98871-86279,Chicago,IL,2817 W Bryn Mawr Ave,60659,"1,973sqft","$749,000 ",$380 
/realestateandhomes-detail/30-E-Huron-St-Apt-2203_Chicago_IL_60611_M85236-55054,Chicago,IL,30 E Huron St Apt 2203,60611,-,"$275,000 ",
/realestateandhomes-detail/211-E-Ohio-St-Apt-823_Chicago_IL_60611_M83069-71393,Chicago,IL,211 E Ohio St Apt 823,60611,"1,100sqft","$379,000 ",$345 
/realestateandhomes-detail/6937-W-Talcott-Ave_Chicago_IL_60631_M75708-47660,Chicago,IL,6937 W Talcott Ave,60631,720sqft,"$299,900 ",$417 
/realestateandhomes-detail/1700-E-56th-St-Apt-3110_Chicago_IL_60637_M75785-76232,Chicago,IL,1700 E 56th St Apt 3110,60637,-,"$179,000 ",
/realestateandhomes-detail/70-W-Burton-Pl-Apt-1007_Chicago_IL_60610_M71983-42039,Chicago,IL,70 W Burton Pl Apt 1007,60610,745sqft,"$237,500 ",$319 
/realestateandhomes-detail/8159-S-Talman-Ave_Chicago_IL_60652_M74297-76137,Chicago,IL,8159 S Talman Ave,60652,"1,700sqft","$299,995 ",$176 
/realestateandhomes-detail/1110-N-Lake-Shore-Dr-Apt-4N_Chicago_IL_60611_M71187-33762,Chicago,IL,1110 N Lake Shore Dr Apt 4N,60611,"2,122sqft","$485,000 ",$229 
/realestateandhomes-detail/2918-W-Lyndale-St-Apt-3_Chicago_IL_60647_M87961-35890,Chicago,IL,2918 W Lyndale St Apt 3,60647,-,"$399,900 ",
/realestateandhomes-detail/55-W-Goethe-St-Unit-1238_Chicago_IL_60610_M89493-45965,Chicago,IL,55 W Goethe St Unit 1238,60610,"2,968sqft","$1,000,000 ",$337 
/realestateandhomes-detail/7649-N-Eastlake-Ter-Apt-1B_Chicago_IL_60626_M87238-47331,Chicago,IL,7649 N Eastlake Ter Apt 1B,60626,-,"$285,000 ",
/realestateandhomes-detail/10627-S-Normal-Ave_Chicago_IL_60628_M74137-44781,Chicago,IL,10627 S Normal Ave,60628,"1,223sqft","$125,000 ",$102 
/realestateandhomes-detail/3657-S-Normal-Ave-Apt-E_Chicago_IL_60609_M81628-94012,Chicago,IL,3657 S Normal Ave Apt E,60609,"1,640sqft","$470,000 ",$287 
/realestateandhomes-detail/6437-S-Troy-St_Chicago_IL_60629_M88325-27446,Chicago,IL,6437 S Troy St,60629,"1,150sqft","$280,000 ",$243 
/realestateandhomes-detail/2841-N-Maplewood-Ave-Apt-1_Chicago_IL_60618_M80226-22682,Chicago,IL,2841 N Maplewood Ave,60618,-,"$535,000 ",
/realestateandhomes-detail/834-W-Diversey-Pkwy-Apt-3E_Chicago_IL_60614_M74425-39432,Chicago,IL,834 W Diversey Pkwy Apt 3E,60614,-,"$599,000 ",
/realestateandhomes-detail/8037-S-Dorchester-Ave_Chicago_IL_60619_M89821-18014,Chicago,IL,8037 S Dorchester Ave,60619,"2,000sqft","$160,000 ",$80 
/realestateandhomes-detail/1145-W-Newport-Ave-Unit-Q_Chicago_IL_60657_M77333-17388,Chicago,IL,1145 W Newport Ave Unit Q,60657,-,"$499,000 ",
/realestateandhomes-detail/2700-E-128th-St_Chicago_IL_60633_M76755-63921,Chicago,IL,2700 E 128th St,60633,"1,431sqft","$230,000 ",$161 
/realestateandhomes-detail/7747-S-Luella-Ave_Chicago_IL_60649_M77115-23569,Chicago,IL,7747 S Luella Ave,60649,"2,500sqft","$279,900 ",$112 
/realestateandhomes-detail/2131-W-Gladys-Ave_Chicago_IL_60612_M73017-10762,Chicago,IL,2131 W Gladys Ave,60612,-,"$479,000 ",
/realestateandhomes-detail/854-N-Marshfield-Ave-Apt-3S_Chicago_IL_60622_M70214-64912,Chicago,IL,854 N Marshfield Ave Apt 3S,60622,"2,000sqft","$655,000 ",$328 
/realestateandhomes-detail/3730-W-79th-Pl_Chicago_IL_60652_M70664-84984,Chicago,IL,3730 W 79th Pl,60652,"1,200sqft","$235,000 ",$196 
/realestateandhomes-detail/1857-S-California-Ave_Chicago_IL_60608_M79592-96473,Chicago,IL,1857 S California Ave,60608,-,"$725,000 ",
/realestateandhomes-detail/1835-N-Halsted-St-Apt-4_Chicago_IL_60614_M88145-64742,Chicago,IL,1835 N Halsted St Apt 4,60614,"1,700sqft","$699,900 ",$412 
/realestateandhomes-detail/1708-W-Steuben-St_Chicago_IL_60643_M75450-44069,Chicago,IL,1708 W Steuben St,60643,-,"$140,000 ",
/realestateandhomes-detail/5855-S-Indiana-Ave_Chicago_IL_60637_M87267-23137,Chicago,IL,5855 S Indiana Ave,60637,-,"$799,990 ",
/realestateandhomes-detail/1315-N-Lockwood-Ave_Chicago_IL_60651_M83264-51576,Chicago,IL,1315 N Lockwood Ave,60651,-,"$285,000 ",
/realestateandhomes-detail/5419-S-Nashville-Ave_Chicago_IL_60638_M75915-94306,Chicago,IL,5419 S Nashville Ave,60638,"1,250sqft","$349,900 ",$280 
/realestateandhomes-detail/4123-N-Cicero-Ave_Chicago_IL_60641_M76347-39524,Chicago,IL,4123 N Cicero Ave,60641,-,"$399,000 ",
/realestateandhomes-detail/1422-W-Touhy-Ave_Chicago_IL_60626_M81950-33673,Chicago,IL,1422 W Touhy Ave,60626,"3,300sqft","$749,900 ",$227 
/realestateandhomes-detail/6354-S-Talman-Ave_Chicago_IL_60629_M89324-00172,Chicago,IL,6354 S Talman Ave,60629,"1,425sqft","$195,000 ",$137 
/realestateandhomes-detail/6024-N-Whipple-St_Chicago_IL_60659_M79879-77095,Chicago,IL,6024 N Whipple St,60659,"1,656sqft","$447,200 ",$270 
/realestateandhomes-detail/7342-S-Phillips-Ave_Chicago_IL_60649_M89325-06895,Chicago,IL,7342 S Phillips Ave,60649,-,"$225,000 ",
/realestateandhomes-detail/7318-S-Indiana-Ave_Chicago_IL_60619_M78375-00000,Chicago,IL,7318 S Indiana Ave,60619,"2,300sqft","$369,000 ",$160 
/realestateandhomes-detail/4943-S-Keating-Ave_Chicago_IL_60632_M81720-11360,Chicago,IL,4943 S Keating Ave,60632,"1,600sqft","$319,999 ",$200 
/realestateandhomes-detail/5011-N-Central-Park-Ave_Chicago_IL_60625_M80841-99685,Chicago,IL,5011 N Central Park Ave,60625,"3,366sqft","$599,900 ",$178 
/realestateandhomes-detail/60-E-Monroe-St-Unit-1801_Chicago_IL_60603_M87264-21677,Chicago,IL,60 E Monroe St Unit 1801,60603,"1,750sqft","$995,000 ",$569 
/realestateandhomes-detail/28-N-Lockwood-Ave_Chicago_IL_60644_M89148-32169,Chicago,IL,28 N Lockwood Ave,60644,"3,322sqft","$374,900 ",$113 
/realestateandhomes-detail/5112-N-Neva-Ave_Chicago_IL_60656_M83237-69131,Chicago,IL,5112 N Neva Ave,60656,"1,092sqft","$405,000 ",$371 
/realestateandhomes-detail/11355-S-Lowe-Ave_Chicago_IL_60628_M88600-02930,Chicago,IL,11355 S Lowe Ave,60628,960sqft,"$78,500 ",$82 
/realestateandhomes-detail/10535-S-Hale-Ave-W1_Chicago_IL_60643_M88402-80474,Chicago,IL,10535 S Hale Ave Unit 1W,60643,600sqft,"$109,900 ",$183 
/realestateandhomes-detail/345-E-Eastgate-Pl-Apt-208_Chicago_IL_60616_M89198-65516,Chicago,IL,345 E Eastgate Pl Apt 208,60616,530sqft,"$130,000 ",$245 
/realestateandhomes-detail/11806-S-Watkins-Ave_Chicago_IL_60643_M82515-86712,Chicago,IL,11806 S Watkins Ave,60643,-,"$350,000 ",
/realestateandhomes-detail/434-E-90th-St_Chicago_IL_60619_M70892-68293,Chicago,IL,434 E 90th St,60619,880sqft,"$120,000 ",$136 
/realestateandhomes-detail/2656-W-Augusta-Blvd-2_Chicago_IL_60622_M87854-75324,Chicago,IL,2656 W Augusta Blvd Unit 2,60622,-,"$449,000 ",
/realestateandhomes-detail/Chicago_IL_60654_M81642-92939,Chicago,IL,Chicago,60654,725sqft,"$235,000 ",$324 
/realestateandhomes-detail/3617-W-Marquette-Rd_Chicago_IL_60629_M70774-49395,Chicago,IL,3617 W Marquette Rd,60629,"2,400sqft","$375,000 ",$156 
/realestateandhomes-detail/6640-S-Winchester-Ave_Chicago_IL_60636_M86463-66393,Chicago,IL,6640 S Winchester Ave,60636,"1,884sqft","$35,000 ",$19 
/realestateandhomes-detail/465-N-Green-St-Unit-1N_Chicago_IL_60642_M97711-73932,Chicago,IL,465 N Green St Unit 1N,60642,"1,450sqft","$525,000 ",$362 
/realestateandhomes-detail/71-E-16th-St-Unit-3_Chicago_IL_60616_M76471-19030,Chicago,IL,71 E 16th St Unit 3,60616,"1,600sqft","$374,999 ",$234 
/realestateandhomes-detail/7508-S-May-St_Chicago_IL_60620_M83200-15237,Chicago,IL,7508 S May St,60620,984sqft,"$109,000 ",$111 
